Workbook
Name Price_Total: MIF!$P$3

Sheet Nomenclature
B1: Seri | C1: Model | D1: Yön | E1: Besleme Filtre | F1: Dönüş Filtre | G1: Soğutucu Batarya | H1: Dış Ortam | I1: Ön Isıtıcı | J1: TCP/IP
B2: HPL | C2: 7 | D2: R | E2: 7 | F2: 5 | G2: 0 | H2: 0 | I2: 0 | J2: 0
C3: 11 | D3: L | E3: 5 | F3: 5 | G3: C | H3: 1 | I3: 1 | J3: 1
C4: 15 | E4: 47 | F4: 5
C5: 22 | E5: 49 | F5: 5
C6: 32
C7: 42
C8: 53
C9: 64
C10: 90
C11: cmbDeviceFlow | D11: cmbDirection | E11: cmbSupplyFilter | F11: cmbReturnFilter | G11: Eğer HPL 22...90 modeli seçilmiş, Sıcaklık 30 °C ve mutlak nem 14,3 g/kg değerinin üzerinde ise = 1 olacak. Diğer durumlarda "0" dır. | H11: cmbOutDoor | I11: Eğer HPL 22...90 modeli seçilmiş, Taze Hava giriş sıcaklığı -6 ve altı ise = 1 olacaktır. Diğer durumlarda "0" olacaktır. | J11: cmbBMS

Sheet MIF
B1: Model | C1: Yön | D1: Besleme Filtre | E1: Dönüş Filtre | F1: Soğutucu Batarya | G1: Dış Ortam | H1: Ön Isıtıcı | I1: TCP/IP
B2: 7 | C2: R | D2: 7 | E2: 5 | F2: 0 | G2: 0 | H2: 0 | I2: 0
N3: CİHAZ TOPLAM FİYAT: | P3: =SUM(P7:P167) -> 6044.2708
I5: MALZEME LİSTESİ
I6: Sınıf | J6: No | K6: MALZEME ADI | L6: ERP KODU | M6: BİRİM | N6: MİKTAR | O6: BİRİM FİYAT | P6: TOPLAM FİYAT
I7: {=_xlfn.LET( _xlpm.S_Adi, B2, _xlpm.Urunler, INDIRECT("'"&_xlpm.S_Adi&"'!L3:S250"), _xlpm.G_Kontrol, INDIRECT("'"&_xlpm.S_Adi&"'!J3:J250"), _xlpm.C_Krit, (INDIRECT("'"&_xlpm.S_Adi&"'!C3:C250")=C2) + (INDIRECT("'"&_xlpm.S_Adi&"'!C3:C250")="sabit"), _xlpm.D_Krit, (INDIRECT("'"&_xlpm.S_Adi&"'!D3:D250")=D2) + (INDIRECT("'"&_xlpm.S_Adi&"'!D3:D250")="sabit"), _xlpm.E_Krit, (INDIRECT("'"&_xlpm.S_Adi&"'!E3:E250")=E2) + (INDIRECT("'"&_xlpm.S_Adi&"'!E3:E250")="sabit"), _xlpm.F_Krit, (INDIRECT("'"&_xlpm.S_Adi&"'!F3:F250")=F2) + (INDIRECT("'"&_xlpm.S_Adi&"'!F3:F250")="sabit"), _xlpm.G_Krit, (INDIRECT("'"&_xlpm.S_Adi&"'!G3:G250")=G2) + (INDIRECT("'"&_xlpm.S_Adi&"'!G3:G250")="sabit"), _xlpm.H_Krit, (INDIRECT("'"&_xlpm.S_Adi&"'!H3:H250")=H2) + (INDIRECT("'"&_xlpm.S_Adi&"'!H3:H250")="sabit"), _xlpm.I_Krit, (INDIRECT("'"&_xlpm.S_Adi&"'!I3:I250")=I2) + (INDIRECT("'"&_xlpm.S_Adi&"'!I3:I250")="sabit"), _xlpm.Sonuc, _xlfn._xlws.FILTER(_xlpm.Urunler, (_xlpm.C_Krit * _xlpm.D_Krit * _xlpm.E_Krit * _xlpm.F_Krit * _xlpm.G_Krit * _xlpm.H_Krit * _xlpm.I_Krit * (_xlpm.G_Kontrol=1)), ""), _xlfn.UNIQUE(_xlpm.Sonuc) )} -> MEKANİK | J7: 1 | K7: Kompresör ZP36K5E-TFD | L7: R20KMZP036K5E | M7: Adet | N7: 1 | O7: 1 | P7: 1
I8: MEKANİK | J8: 2 | K8: Copeland Karter Isıtıcı ID:8561150 | L8: R20KI08561150 | M8: Adet | N8: 1 | O8: 39.921 | P8: 39.921
I9: MEKANİK | J9: 3 | K9: 4 Yollu Vana SHF-14A-46 1/2"x3/4" | L9: R20V144612340 | M9: Adet | N9: 1 | O9: 60 | P9: 60
I10: MEKANİK | J10: 4 | K10: 4 Yollu Vana Bobini 220V AC 4,5W Kablolu | L10: R27SVB2204500 | M10: Adet | N10: 1 | O10: 12.8 | P10: 12.8
I11: MEKANİK | J11: 5 | K11: Danfoss NRV 10 s 02B1011 3/8" Check Valve | L11: R20NRV10S3801 | M11: Adet | N11: 4 | O11: 13.05 | P11: 52.2
I12: MEKANİK | J12: 6 | K12: Danfoss Drier DML083 3/8" 023Z5040 | L12: R20DML0833801 | M12: Adet | N12: 1 | O12: 10.15 | P12: 10.15
I13: MEKANİK | J13: 7 | K13: Danfoss Gözetleme Camı Kaynaklı SGP 10s N 3/8" 014L0182 | L13: R20SGP10SN380 | M13: Adet | N13: 1 | O13: 9.5 | P13: 9.5
I14: MEKANİK | J14: 8 | K14: Danfoss Küresel Vana GBC 10s 3/8" 009L7021 | L14: R20GBC1038702 | M14: Adet | N14: 1 | O14: 18 | P14: 18
I15: MEKANİK | J15: 9 | K15: GVN LİKİT TANKI VLR.A.33b.02.B2.C2 | L15: R20LTVLR02221 | M15: Adet | N15: 1 | O15: 0 | P15: 0
I16: MEKANİK | J16: 10 | K16: GVN EMİŞ AKÜMÜLATÖRÜ SLA.33B.19.1.7 | L16: R20SLA1917000 | M16: Adet | N16: 1 | O16: 0 | P16: 0
I17: MEKANİK | J17: 11 | K17: BAKIR BORU Q19 (3/4")-1 MM | L17: R20BBQ1900000 | M17: Adet | N17: 4 | O17: 9.65 | P17: 38.6
I18: MEKANİK | J18: 12 | K18: BAKIR BORU Q9,52 (3/8")-1 MM | L18: R20BBQ9520000 | M18: Adet | N18: 3.5 | O18: 4.65 | P18: 16.275
I19: MEKANİK | J19: 13 | K19: BAKIR TE 3/8"-3/8"-3/8" | L19: R20BT00383838 | M19: Adet | N19: 2 | O19: 0.4 | P19: 0.8
... I90: OTOMASYON | J90: 84 | K90: LIHCH KABLO 2X0,75 | L90: R12KBLIHCH2X0 | M90: Metre | N90: 45 | O90: 0 | P90: 0

Sheet Malzemeler
A2: Model | B2: Malzeme adı | C2: Kodu
A3: HPL 7 | B3: Kompresör ZP36K5E-TFD | C3: R20KMZP036K5E | D3: 1 | E3: 482.22
A4: HPL 11 | B4: Kompresör ZP61 K5E TFD 522 | C4: R20KMZP61K001 | D4: 629.96
A5: HPL 15 | B5: Kompresör ZP91KCE-TFD 3/4x7/8 | C5: R20KMZP053400 | D5: 906.12
A6: HPL 22 | B6: Kompresör ZP104 KCE TFD 455 | C6: R20KMZP104001 | D6: 1211.04
A7: HPL 32 | B7: Kompresör ZP122KCE-TFD 7/8x11/8 | C7: R20KMZP122003 | D7: 1444.06
A8: HPL 42 | B8: Kompresör ZP182KCE-TFD 7/8x13/8 | C8: R20KMZP182004 | D8: 1526.45
A9: HPL 53 | B9: Kompresör ZP 233 KZE - TED | C9: R20KMZP233001 | D9: 2394.46
A10: HPL 64 | B10: Kompresör ZP 293 KCE-TED | C10: R20KMZP293001 | D10: 2283.56
A11: HPL 90 | B11: Kompresör ZP385KCE-TWD 15/8x13/8 | C11: R20V206734780 | D11: 2702.18
A12: HPL 7 | B12: Copeland Karter Isıtıcı ID:8561150 | C12: R20KI08561150 | D12: 39.921
A13: HPL 11 | B13: Copeland Karter Isıtıcı ID:8561105 | C13: R20KI08561105 | D13: 40.7085
A14: HPL 15 | B14: Copeland Karter Isıtıcı ID:8561105 | C14: R20KI08561105 | D14: 40.7085
A15: HPL 22 | B15: Copeland Karter Isıtıcı ID:8561105 | C15: R20KI08561105 | D15: 40.7085
... A59: HPL 15 | B59: HPL 15 APHE H 2x1 50 4.8 134 | C59: R09HPL1525481 | D59: 986.3
A60: HPL 22 | B60: HPL 22 H2E0850-1002-060-2EDB-2-0-1-1222 | C60: R09H2E8501002 | D60: =1040*1.28 -> 1331.2
A61: HPL 32 | B61: HPL 32 H2E0850-1250-060-2EDB-2-2-1-1528 | C61: R09H2E8501250 | D61: =1269*1.28 -> 1624.32
A62: HPL 42 | B62: HPL 42 H2E0850-1506-060-2EDB-2-2-1-1834 | C62: R09PLI4201834 | D62: =1471*1.28 -> 1882.88
A63: HPL 53 | B63: HPL 53 H2E0850-1506-060-2EDB-2-2-1-1834 | C63: R09PLI5301834 | D63: =1471*1.28 -> 1882.88
A64: HPL 64 | B64: HPL 64 H2E1000-1762-060-2EDB-2-2-1-2140 | C64: R09H2E0602140 | D64: 2682.88
A65: HPL 90 | B65: HPL 90 H2E1400-1752-060-2EDB-2-3-1-2140 | C65: R09H2E0601752 | D65: =4584.58*1.28 -> 5868.2624
A66: HPL 7 | B66: HPL 7 ISITICI 32x28-1/2 C S 12T 2R 615A 3P 2NC | C66: R063228122615 | D66: 250
A67: HPL 11 | B67: ISITICI F 32x28-12 C S 12T 2R 920A 3P 3NC | C67: R063228122920 | D67: 275
A68: HPL 15 | B68: ISITICI F 32x28-12 C S 12T 2R 1220A 3P 4NC | C68: R063228122220 | D68: 310
A69: HPL 22 | B69: ISITICI F 32x28-12 C S 26T 2R 1070A 3.2P 5NC | C69: - | D69: 410
A70: HPL 32 | B70: ISITICI F 32x28-12 C S 26T 2R 1360A 3.2P 8NC | C70: - | D70: 460
A71: HPL 42 | B71: ISITICI F 32x28-12 C S 26T 2R 1660A 2.5P 8NC | C71: - | D71: 490
A72: HPL 53 | B72: ISITICI F 32x28-12 C S 31T 2R 1640A 3.2P 13NC | C72: - | D72: 580
A73: HPL 64 | B73: ISITICI F 32x28-12 C S 31T 2R 1955A 3.2P 13NC | C73: - | D73: 645
A74: HPL 90 | B74: ISITICI F 32x28-12 C S 45T 2R 1955A 3.2P 15NC | C74: - | D74: 890
A75: HPL 22 | B75: HPL22SOG32x28-1/2CS26T4R1030A2.1P26NC | C75: R06HPL2200004 | D75: 660
A76: HPL 32 | B76: HPL32SOG32x28-1/2CS26T4R1320A2.1P26NC | C76: R06HPL3200004 | D76: 825
A77: HPL 42 | B77: HPL42SOG F 32x28-12 C S 26T 4R 1620A 2.1P 36NC | C77: - | D77: 960
... A100: HPL 7 | B100: CAREL E2VSTA0201 BIPOLAR STATOR FOR E2VB | C100: R27E2V0220100 | D100: 40.53
A101: HPL 11 | B101: CAREL E2V24FSFC0 ELECTRONIC EXPANSION VALVE E2V24-F 12-12 ODF W/O STATOR | C101: R27CRLE2V2412
A102: HPL 11 | B102: CAREL E2VSTA0201 BIPOLAR STATOR FOR E2VB | C102: R27E2V0220100 | D102: 40.53
A103: HPL 15 | B103: CAREL E2V30FSFC0 ELECTRONIC EXPANSION VALVE E2V30-F 12-12 ODF W/O STATOR | C103: R27CRLE2V3012
A104: HPL 15 | B104: CAREL E2VSTA0201 BIPOLAR STATOR FOR E2VB | C104: R27E2V0220100 | D104: 40.53
A105: HPL 22 | B105: CAREL E2V18FSFC0 ELECTRONIC EXPANSION VALVE E2V18-F 12-12 ODF W/O STATOR | C105: R27CRLE2V1812 | D105: 77.46
A106: HPL 22 | B106: CAREL E2VSTA0201 BIPOLAR STATOR FOR E2VB | C106: R27E2V0220100 | D106: 40.53
A107: HPL 32 | B107: CAREL E2V30FSFC0 ELECTRONIC EXPANSION VALVE E2V30-F 12-12 ODF W/O STATOR | C107: R27CRLE2V3012 | D107: 0
A108: HPL 32 | B108: CAREL E2VSTA0201 BIPOLAR STATOR FOR E2VB | C108: R27E2V0220100 | D108: 40.53
A109: HPL 42 | B109: CAREL E2V35FSMC0 ELECTRONIC EXPANSION VALVE E2V35-F 16-16 (5/8"-5/8") ODF W/O STATOR | C109: R27CRLE2V3516
A110: HPL 42 | B110: CAREL E2VSTA0201 BIPOLAR STATOR FOR E2VB | C110: R27CRLE2V2012
A111: HPL 53 | B111: CAREL E3V45BWRC1 E3V45B 7/8"-7/8" ODF W/O ELECTRICAL COIL (10) | C111: R27CRLE3V4578 | D111: 81.65
A112: HPL 53 | B112: CAREL E3VSTA0201 E3V SPARE PARTS STATOR (COIL) FOR E3V* | C112: R27CRLE3V0201 | D112: 81.65
A113: HPL 64 | B113: CAREL E3V55BWRC1 7/8-7/8" 4720967 | C113: R27CRLE3V5578
A114: HPL 64 | B114: CAREL E3VSTA0201 E3V SPARE PARTS STATOR (COIL) FOR E3V* | C114: R27CRLE3V0201 | D114: 81.65
A115: HPL 90 | B115: CAREL E3V55SSR10 E3V-55 SMART 18-22 ODF W/O SIGHT GLASS | C115: R27CRLE3V5518
A116: HPL 90 | B116: CAREL E3VSTA0201 E3V SPARE PARTS STATOR (COIL) FOR E3V* | C116: R27CRLE3V0201 | D116: 81.65
A117: HPL 7 | B117: VBS0400CTRNS - 8300100759 | C117: R058300100759 | D117: 342
A118: HPL 7 | B118: VBS0400CTRNS - 8300100759 | C118: R058300100759 | D118: 342
A119: HPL 11 | B119: 8300100054-VBH0355CTPMS/S | C119: R058300100054 | D119: 370
A120: HPL 11 | B120: 8300100054-VBH0355CTPMS/S | C120: R058300100054 | D120: 370
A121: HPL 22 | B121: 8300100082-VBH0500CTTLS/L | C121: R058300100082 | D121: 618.9
A122: HPL 22 | B122: 8300100082-VBH0500CTTLS/L | C122: R058300100082 | D122: 618.9
A123: HPL 32 | B123: 8300100101-VBH0560CTTRS/L | C123: R058300100101 | D123: 812.4
A124: HPL 32 | B124: 8300100101-VBH0560CTTRS/L | C124: R058300100101 | D124: 812.4
A125: HPL 42 | B125: 8300100043-VBH0450CTTLS/L | C125: R058300100043 | D125: 574.3
A126: HPL 42 | B126: 8300100101-VBH0560CTTRS/L | C126: R058300100101 | D126: 812.4
A127: HPL 53 | B127: 8300100068-VBH0500CTTRS/L | C127: R058300100068 | D127: 778.9
... A133: HPL 7 | B133: COMPACT F7 FİLTRE 450x304x98 | C133: R17F745030498 | D133: 23.06
B134: COMPACT F7 FİLTRE 450x457x98 | C134: R17F745045798 | D134: 28.23
B135: COMPACT M5 FİLTRE 450x304x98 | C135: R17M545030498 | D135: 22.12
B136: COMPACT M5 FİLTRE 450x457x98 | C136: R17M545045798 | D136: 27.29
A137: HPL 11 | B137: COMPACT F7 FİLTRE 450x304x98 | C137: R17F745030498 | D137: 23.06
B138: COMPACT F7 FİLTRE 450x457x98 | C138: R17F745045798 | D138: 28.23
B139: COMPACT M5 FİLTRE 450x304x98 | C139: R17M545030498 | D139: 22.12
B140: COMPACT M5 FİLTRE 450x457x98 | C140: R17M545045798 | D140: 27.29
A141: HPL 15 | B141: COMPACT F7 FİLTRE 450x457x98 | C141: R17F745045798 | D141: 28.23
B142: COMPACT M5 FİLTRE 450x457x98 | C142: R17M545045798 | D142: 27.29
A143: HPL 22 | B143: PANEL FİLTRE M5 - 592-592-48 | C143: R17PM54610610 | D143: 4.43
B144: PANEL FİLTRE M5 - 287-592-48 | C144: R17PM54305610 | D144: 3.04
B145: F7 TORBA FİLTRE 592X592X300 GENERAL | C145: R17F75530000G | D145: 7.15
B146: F7 TORBA FİLTRE 287X592X300 GENERAL | C146: R17F72530000G | D146: 4.37
B147: PANEL FİLTRE G4 - 592-592-48 | C147: R17G4P5959048 | D147: 4.55
B148: PANEL FİLTRE G4 - 287-592-48 | C148: R17G4P2859048 | D148: 2.96
A149: HPL 32 | B149: PANEL FİLTRE M5 - 592-592-48 | C149: R17PM54610610 | D149: 4.43
B150: PANEL FİLTRE M5 - 287-592-48 | C150: R17PM54305610 | D150: 3.04
B151: PANEL FİLTRE M5 - 287-287-48 | C151: R17PM54305305 | D151: 2
B152: PANEL FİLTRE G4 - 592-592-48 | C152: R17G4P5959048 | D152: 4.55
B153: PANEL FİLTRE G4 - 287-592-48 | C153: R17G4P2859048 | D153: 2.96
B154: PANEL FİLTRE G4 - 287-287-48 | C154: R17G4P2828048 | D154: 2
B155: F7 TORBA FİLTRE 592X592X300 GENERAL | C155: R17F75530000G | D155: 7.15
B156: F7 TORBA FİLTRE 287X592X300 GENERAL | C156: R17F72530000G | D156: 4.37
B157: F7 TORBA FİLTRE 287X287X300 GENERAL | C157: R17F72230000G | D157: 3.3
A158: HPL 42 | B158: PANEL FİLTRE M5 - 592-592-48 | C158: R17PM54610610 | D158: 4.43
B159: PANEL FİLTRE M5 - 287-592-48 | C159: R17PM54305610 | D159: 3.04
B160: PANEL FİLTRE G4 - 592-592-48 | C160: R17G4P5959048 | D160: 4.55
B161: PANEL FİLTRE G4 - 287-592-48 | C161: R17G4P2859048 | D161: 2.96
B162: F7 TORBA FİLTRE 592X592X300 GENERAL | C162: R17F75530000G | D162: 7.15
B163: F7 TORBA FİLTRE 287X592X300 GENERAL | C163: R17F72530000G | D163: 4.37
A164: HPL 53 | B164: PANEL FİLTRE M5 - 592-592-48 | C164: R17PM54610610 | D164: 4.43
B165: PANEL FİLTRE M5 - 287-592-48 | C165: R17PM54305610 | D165: 3.04
B166: PANEL FİLTRE G4 - 592-592-48 | C166: R17G4P5959048 | D166: 4.55
B167: PANEL FİLTRE G4 - 287-592-48 | C167: R17G4P2859048 | D167: 2.96
B168: F7 TORBA FİLTRE 592X592X300 GENERAL | C168: R17F75530000G | D168: 7.15
B169: F7 TORBA FİLTRE 287X592X300 GENERAL | C169: R17F72530000G | D169: 4.37
A170: HPL 64 | B170: PANEL FİLTRE M5 - 592-592-48 | C170: R17PM54610610 | D170: 4.43
B171: PANEL FİLTRE M5 - 287-592-48 | C171: R17PM54305610 | D171: 3.04
...

Sheet 7
B1: Model | C1: Yön | D1: Besleme Filtre | E1: Dönüş Filtre | F1: Soğutucu Batarya | G1: Dış Ortam | H1: Ön Isıtıcı | I1: TCP/IP | N1: HPL 7
M2: No | N2: MALZEME ADI | O2: ERP KODU | P2: BİRİM | Q2: MİKTAR | R2: Birim Fiyat | S2: Toplam Fiyat
B3: 7 | C3: sabit | D3: sabit | E3: sabit | F3: sabit | G3: sabit | H3: sabit | I3: sabit | J3: =SUBTOTAL(103,B3) -> 1 | L3: MEKANİK | M3: 1 | N3: Kompresör ZP36K5E-TFD | O3: R20KMZP036K5E | P3: Adet | Q3: 1 | R3: =VLOOKUP('7'!O3,Malzemeler!C:D,2,0) -> 1 | S3: =+R3*Q3 -> 1
B4: 7 | C4: sabit | D4: sabit | E4: sabit | F4: sabit | G4: sabit | H4: sabit | I4: sabit | J4: =SUBTOTAL(103,B4) -> 1 | L4: MEKANİK | M4: 2 | N4: Copeland Karter Isıtıcı ID:8561150 | O4: R20KI08561150 | P4: Adet | Q4: 1 | R4: =VLOOKUP('7'!O4,Malzemeler!C:D,2,0) -> 39.921 | S4: =+R4*Q4 -> 39.921
B5: 7 | C5: sabit | D5: sabit | E5: sabit | F5: sabit | G5: sabit | H5: sabit | I5: sabit | J5: =SUBTOTAL(103,B5) -> 1 | L5: MEKANİK | M5: 3 | N5: 4 Yollu Vana SHF-14A-46 1/2"x3/4" | O5: R20V144612340 | P5: Adet | Q5: 1 | R5: =VLOOKUP('7'!O5,Malzemeler!C:D,2,0) -> 60 | S5: =+R5*Q5 -> 60
B6: 7 | C6: sabit | D6: sabit | E6: sabit | F6: sabit | G6: sabit | H6: sabit | I6: sabit | J6: =SUBTOTAL(103,B6) -> 1 | L6: MEKANİK | M6: 4 | N6: 4 Yollu Vana Bobini 220V AC 4,5W Kablolu | O6: R27SVB2204500 | P6: Adet | Q6: 1 | R6: =VLOOKUP('7'!O6,Malzemeler!C:D,2,0) -> 12.8 | S6: =+R6*Q6 -> 12.8
B7: 7 | C7: sabit | D7: sabit | E7: sabit | F7: sabit | G7: sabit | H7: sabit | I7: sabit | J7: =SUBTOTAL(103,B7) -> 1 | L7: MEKANİK | M7: 5 | N7: Danfoss NRV 10 s 02B1011 3/8" Check Valve | O7: R20NRV10S3801 | P7: Adet | Q7: 4 | R7: =VLOOKUP('7'!O7,Malzemeler!C:D,2,0) -> 13.05 | S7: =+R7*Q7 -> 52.2
B8: 7 | C8: sabit | D8: sabit | E8: sabit | F8: sabit | G8: sabit | H8: sabit | I8: sabit | J8: =SUBTOTAL(103,B8) -> 1 | L8: MEKANİK | M8: 6 | N8: Danfoss Drier DML083 3/8" 023Z5040 | O8: R20DML0833801 | P8: Adet | Q8: 1 | R8: =VLOOKUP('7'!O8,Malzemeler!C:D,2,0) -> 10.15 | S8: =+R8*Q8 -> 10.15
B9: 7 | C9: sabit | D9: sabit | E9: sabit | F9: sabit | G9: sabit | H9: sabit | I9: sabit | J9: =SUBTOTAL(103,B9) -> 1 | L9: MEKANİK | M9: 7 | N9: Danfoss Gözetleme Camı Kaynaklı SGP 10s N 3/8" 014L0182 | O9: R20SGP10SN380 | P9: Adet | Q9: 1 | R9: =VLOOKUP('7'!O9,Malzemeler!C:D,2,0) -> 9.5 | S9: =+R9*Q9 -> 9.5
B10: 7 | C10: sabit | D10: sabit | E10: sabit | F10: sabit | G10: sabit | H10: sabit | I10: sabit | J10: =SUBTOTAL(103,B10) -> 1 | L10: MEKANİK | M10: 8 | N10: Danfoss Küresel Vana GBC 10s 3/8" 009L7021 | O10: R20GBC1038702 | P10: Adet | Q10: 1 | R10: =VLOOKUP('7'!O10,Malzemeler!C:D,2,0) -> 18 | S10: =+R10*Q10 -> 18
B11: 7 | C11: sabit | D11: sabit | E11: sabit | F11: sabit | G11: sabit | H11: sabit | I11: sabit | J11: =SUBTOTAL(103,B11) -> 1 | L11: MEKANİK | M11: 9 | N11: GVN LİKİT TANKI VLR.A.33b.02.B2.C2 | O11: R20LTVLR02221 | P11: Adet | Q11: 1 | R11: =VLOOKUP('7'!O11,Malzemeler!C:D,2,0) -> 0 | S11: =+R11*Q11 -> 0
B12: 7 | C12: sabit | D12: sabit | E12: sabit | F12: sabit | G12: sabit | H12: sabit | I12: sabit | J12: =SUBTOTAL(103,B12) -> 1 | L12: MEKANİK | M12: 10 | N12: GVN EMİŞ AKÜMÜLATÖRÜ SLA.33B.19.1.7 | O12: R20SLA1917000 | P12: Adet | Q12: 1 | R12: =VLOOKUP('7'!O12,Malzemeler!C:D,2,0) -> 0 | S12: =+R12*Q12 -> 0
B13: 7 | C13: sabit | D13: sabit | E13: sabit | F13: sabit | G13: sabit | H13: sabit | I13: sabit | J13: =SUBTOTAL(103,B13) -> 1 | L13: MEKANİK | M13: 11 | N13: BAKIR BORU Q19 (3/4")-1 MM | O13: R20BBQ1900000 | P13: Adet | Q13: 4 | R13: =VLOOKUP('7'!O13,Malzemeler!C:D,2,0) -> 9.65 | S13: =+R13*Q13 -> 38.6
B14: 7 | C14: sabit | D14: sabit | E14: sabit | F14: sabit | G14: sabit | H14: sabit | I14: sabit | J14: =SUBTOTAL(103,B14) -> 1 | L14: MEKANİK | M14: 12 | N14: BAKIR BORU Q9,52 (3/8")-1 MM | O14: R20BBQ9520000 | P14: Adet | Q14: 3.5 | R14: =VLOOKUP('7'!O14,Malzemeler!C:D,2,0) -> 4.65 | S14: =+R14*Q14 -> 16.275
... B86: 7 | C86: sabit | D86: sabit | E86: sabit | F86: sabit | G86: sabit | H86: sabit | I86: sabit | J86: =SUBTOTAL(103,B86) -> 1 | L86: OTOMASYON | M86: 84 | N86: LIHCH KABLO 2X0,75 | O86: R12KBLIHCH2X0 | P86: Metre | Q86: 45 | R86: =VLOOKUP('7'!O86,Malzemeler!C:D,2,0) -> 0 | S86: =+R86*Q86 -> 0
B87: 7 | C87: sabit | D87: sabit | E87: sabit | F87: sabit | G87: sabit | H87: sabit | I87: 1 | J87: =SUBTOTAL(103,B87) -> 1 | L87: TCP IP | M87: 1 | N87: pCOweb SE, ethernet card IP protocols pco1000wd | O87: R278003303311 | P87: Adet | Q87: 1 | R87: =VLOOKUP('7'!O87,Malzemeler!C:D,2,0) -> 0 | S87: =+R87*Q87 -> 0

Sheet 11
B1: Model | C1: Yön | D1: Besleme Filtre | E1: Dönüş Filtre | F1: Soğutucu Batarya | G1: Dış Ortam | H1: Ön Isıtıcı | I1: TCP/IP | N1: HPL 11
M2: No | N2: MALZEME ADI | O2: ERP KODU | P2: BİRİM | Q2: MİKTAR | R2: BİRİM FİYAT | S2: TOPLAM FİYAT
B3: 11 | C3: sabit | D3: sabit | E3: sabit | F3: sabit | G3: sabit | H3: sabit | I3: sabit | J3: =SUBTOTAL(103,B3) -> 1 | L3: MEKANİK | M3: 1 | N3: Kompresör ZP61 K5E TFD 522 | O3: R20KMZP61K001 | P3: Adet | Q3: 1 | R3: =VLOOKUP('11'!O3,Malzemeler!C:D,2,0) -> 629.96 | S3: =+R3*Q3 -> 629.96
B4: 11 | C4: sabit | D4: sabit | E4: sabit | F4: sabit | G4: sabit | H4: sabit | I4: sabit | J4: =SUBTOTAL(103,B4) -> 1 | L4: MEKANİK | M4: 2 | N4: Copeland Karter Isıtıcı ID:8561105 | O4: R20KI08561105 | P4: Adet | Q4: 1 | R4: =VLOOKUP('11'!O4,Malzemeler!C:D,2,0) -> 40.7085 | S4: =+R4*Q4 -> 40.7085
B5: 11 | C5: sabit | D5: sabit | E5: sabit | F5: sabit | G5: sabit | H5: sabit | I5: sabit | J5: =SUBTOTAL(103,B5) -> 1 | L5: MEKANİK | M5: 3 | N5: 4 Yollu Vana SHF-14A-46 1/2"x3/4" | O5: R20V144612340 | P5: Adet | Q5: 1 | R5: =VLOOKUP('11'!O5,Malzemeler!C:D,2,0) -> 60 | S5: =+R5*Q5 -> 60
B6: 11 | C6: sabit | D6: sabit | E6: sabit | F6: sabit | G6: sabit | H6: sabit | I6: sabit | J6: =SUBTOTAL(103,B6) -> 1 | L6: MEKANİK | M6: 4 | N6: 4 Yollu Vana Bobini 220V AC 4,5W Kablolu | O6: R27SVB2204500 | P6: Adet | Q6: 1 | R6: =VLOOKUP('11'!O6,Malzemeler!C:D,2,0) -> 12.8 | S6: =+R6*Q6 -> 12.8
B7: 11 | C7: sabit | D7: sabit | E7: sabit | F7: sabit | G7: sabit | H7: sabit | I7: sabit | J7: =SUBTOTAL(103,B7) -> 1 | L7: MEKANİK | M7: 5 | N7: Danfoss NRV 12 s 020B1012 1/2" Check Valve | O7: R20NRV12S1201 | P7: Adet | Q7: 4 | R7: =VLOOKUP('11'!O7,Malzemeler!C:D,2,0) -> 14 | S7: =+R7*Q7 -> 56
B8: 11 | C8: sabit | D8: sabit | E8: sabit | F8: sabit | G8: sabit | H8: sabit | I8: sabit | J8: =SUBTOTAL(103,B8) -> 1 | L8: MEKANİK | M8: 6 | N8: Danfoss Drier DML164 1/2" 023Z5044 | O8: R20DML1641201 | P8: Adet | Q8: 1 | R8: =VLOOKUP('11'!O8,Malzemeler!C:D,2,0) -> 10.8 | S8: =+R8*Q8 -> 10.8
B9: 11 | C9: sabit | D9: sabit | E9: sabit | F9: sabit | G9: sabit | H9: sabit | I9: sabit | J9: =SUBTOTAL(103,B9) -> 1 | L9: MEKANİK | M9: 7 | N9: Danfoss Gözetleme Camı Kaynaklı SGP 12s N 1/2" 014L0183 | O9: R20SPG12SN120 | P9: Adet | Q9: 1 | R9: =VLOOKUP('11'!O9,Malzemeler!C:D,2,0) -> 10.8 | S9: =+R9*Q9 -> 10.8
B10: 11 | C10: sabit | D10: sabit | E10: sabit | F10: sabit | G10: sabit | H10: sabit | I10: sabit | J10: =SUBTOTAL(103,B10) -> 1 | L10: MEKANİK | M10: 8 | N10: Danfoss Küresel Vana GBC 12s 1/2" 009L7022 | O10: R20GBC1212702 | P10: Adet | Q10: 1 | R10: =VLOOKUP('11'!O10,Malzemeler!C:D,2,0) -> 18 | S10: =+R10*Q10 -> 18
B11: 11 | C11: sabit | D11: sabit | E11: sabit | F11: sabit | G11: sabit | H11: sabit | I11: sabit | J11: =SUBTOTAL(103,B11) -> 1 | L11: MEKANİK | M11: 9 | N11: GVN LİKİT TANKI VLR.A.33b.03.B2.C2 | O11: R20LTVLR02322 | P11: Adet | Q11: 1 | R11: =VLOOKUP('11'!O11,Malzemeler!C:D,2,0) -> 0 | S11: =+R11*Q11 -> 0
B12: 11 | C12: sabit | D12: sabit | E12: sabit | F12: sabit | G12: sabit | H12: sabit | I12: sabit | J12: =SUBTOTAL(103,B12) -> 1 | L12: MEKANİK | M12: 10 | N12: GVN EMİŞ AKÜMÜLATÖRÜ SLA.33B.19.1.7 | O12: R20SLA1917000 | P12: Adet | Q12: 1 | R12: =VLOOKUP('11'!O12,Malzemeler!C:D,2,0) -> 0 | S12: =+R12*Q12 -> 0
B13: 11 | C13: sabit | D13: sabit | E13: sabit | F13: sabit | G13: sabit | H13: sabit | I13: sabit | J13: =SUBTOTAL(103,B13) -> 1 | L13: MEKANİK | M13: 11 | N13: BAKIR Q12 Boru (1/2") -1 mm | O13: R20BBQ1200000 | P13: Adet | Q13: 5.3 | R13: =VLOOKUP('11'!O13,Malzemeler!C:D,2,0) -> 6.35 | S13: =+R13*Q13 -> 33.655
B14: 11 | C14: sabit | D14: sabit | E14: sabit | F14: sabit | G14: sabit | H14: sabit | I14: sabit | J14: =SUBTOTAL(103,B14) -> 1 | L14: MEKANİK | M14: 12 | N14: BAKIR BORU 1/4" | O14: R20BBQ1400000 | P14: Adet | Q14: 4 | R14: =VLOOKUP('11'!O14,Malzemeler!C:D,2,0) -> 2.5 | S14: =+R14*Q14 -> 10
... B20: 11 | C20: sabit | D20: sabit | E20: sabit | F20: sabit | G20: sabit | H20: sabit | I20: sabit | J20: =SUBTOTAL(103,B20) -> 1 | L20: MEKANİK | M20: 18 | N20: BAKIR TE 1/2"-1/2"-1/2" | O20: R20BT00121212 | P20: Adet | Q20: 6 | R20: =VLOOKUP('11'!O20,Malzemeler!C:D,2,0) -> 0.45 | S20: =+R20*Q20 -> 2.7
B21: 11 | C21: sabit | D21: sabit | E21: sabit | F21: sabit | G21: sabit | H21: sabit | I21: sabit | J21: =SUBTOTAL(103,B21) -> 1 | L21: MEKANİK | M21: 18 | N21: Kauçuk Kelepçe 22 mm | O21: R21RK32000002 | P21: Adet | Q21: 2 | R21: =VLOOKUP('7'!O21,Malzemeler!C:D,2,0) -> 0.4 | S21: =+R21*Q21 -> 0.8
B22: 11 | C22: sabit | D22: sabit | E22: sabit | F22: sabit | G22: sabit | H22: sabit | I22: sabit | J22: =SUBTOTAL(103,B22) -> 1 | L22: MEKANİK | M22: 19 | N22: 7/8" İzolasyon 9'luk | O22: R10IZ90280005 | P22: Adet | Q22: 3 | R22: =VLOOKUP('11'!O22,Malzemeler!C:D,2,0) -> 0.4 | S22: =+R22*Q22 -> 1.2
B23: 11 | C23: sabit | D23: sabit | E23: sabit | F23: sabit | G23: sabit | H23: sabit | I23: sabit | J23: =SUBTOTAL(103,B23) -> 1 | L23: MEKANİK | M23: 20 | N23: Gümüş KAYNAK TELİ | O23: R20GK30000000 | P23: Adet | Q23: 0.2 | R23: =VLOOKUP('11'!O23,Malzemeler!C:D,2,0) -> 1615.6 | S23: =+R23*Q23 -> 323.12
B24: 11 | C24: sabit | D24: sabit | E24: sabit | F24: sabit | G24: sabit | H24: sabit | I24: sabit | J24: =SUBTOTAL(103,B24) -> 1 | L24: MEKANİK | M24: 21 | N24: BAKIR KAYNAK TELİ | O24: R20BAKIRKT001 | P24: Adet | Q24: 0.2 | R24: =VLOOKUP('11'!O24,Malzemeler!C:D,2,0) -> 40 | S24: =+R24*Q24 -> 8
B25: 11 | C25: sabit | D25: sabit | E25: sabit | F25: sabit | G25: sabit | H25: sabit | I25: sabit | J25: =SUBTOTAL(103,B25) -> 1 | L25: MEKANİK | M25: 22 | N25: BORAKS KİMYASAL ICOLD İ-FLUX 020AG1014 | O25: R20BR10000000 | P25: Adet | Q25: 0.1 | R25: =VLOOKUP('11'!O25,Malzemeler!C:D,2,0) -> 150 | S25: =+R25*Q25 -> 15
B26: 11 | C26: sabit | D26: sabit | E26: sabit | F26: sabit | G26: sabit | H26: sabit | I26: sabit | J26: =SUBTOTAL(103,B26) -> 1 | L26: MEKANİK | M26: 23 | N26: CRYOLANT RB 32 ESTER YAG | O26: R20KY0RB32001 | P26: Adet | Q26: 0.8 | R26: =VLOOKUP('11'!O26,Malzemeler!C:D,2,0) -> 30 | S26: =+R26*Q26 -> 24
B27: 11 | C27: sabit | D27: sabit | E27: sabit | F27: sabit | G27: sabit | H27: sabit | I27: sabit | J27: =SUBTOTAL(103,B27) -> 1 | L27: MEKANİK | M27: 24 | N27: GAZ R410 (11.3 KG/TÜP) | O27: R20GR41000000 | P27: Adet | Q27: 1 | R27: =VLOOKUP('11'!O27,Malzemeler!C:D,2,0) -> 150 | S27: =+R27*Q27 -> 150
B28: 11 | C28: sabit | D28: sabit | E28: sabit | F28: sabit | G28: sabit | H28: sabit | I28: sabit | J28: =SUBTOTAL(103,B28) -> 1 | L28: MEKANİK | M28: 25 | N28: 8300100054-VBH0355CTPMS/S | O28: R058300100054 | P28: Adet | Q28: 1 | R28: =VLOOKUP('11'!O28,Malzemeler!C:D,2,0) -> 370 | S28: =+R28*Q28 -> 370
B29: 11 | C29: sabit | D29: sabit | E29: sabit | F29: sabit | G29: sabit | H29: sabit | I29: sabit | J29: =SUBTOTAL(103,B29) -> 1 | L29: MEKANİK | M29: 26 | N29: 8300100054-VBH0355CTPMS/S | O29: R058300100054 | P29: Adet | Q29: 1 | R29: =VLOOKUP('11'!O29,Malzemeler!C:D,2,0) -> 370 | S29: =+R29*Q29 -> 370
B30: 11 | C30: sabit | D30: sabit | E30: sabit | F30: sabit | G30: sabit | H30: sabit | I30: sabit | J30: =SUBTOTAL(103,B30) -> 1 | L30: MEKANİK | M30: 27 | N30: HPL 11 APHE H 2x1 50 4.8 103 | O30: R09HPL1125048 | P30: Adet | Q30: 1 | R30: =VLOOKUP('11'!O30,Malzemeler!C:D,2,0) -> 760.2 | S30: =+R30*Q30 -> 760.2
B31: 11 | C31: sabit | D31: sabit | E31: sabit | F31: sabit | G31: sabit | H31: sabit | I31: sabit | J31: =SUBTOTAL(103,B31) -> 1 | L31: MEKANİK | M31: 28 | N31: ISITICI F 32x28-12 C S 12T 2R 920A 3P 3NC | O31: R063228122920 | P31: Adet | Q31: 1 | R31: =VLOOKUP('11'!O31,Malzemeler!C:D,2,0) -> 275 | S31: =+R31*Q31 -> 275
B32: 11 | C32: sabit | D32: sabit | E32: sabit | F32: sabit | G32: sabit | H32: sabit | I32: sabit | J32: =SUBTOTAL(103,B32) -> 1 | L32: MEKANİK | M32: 29 | N32: KONDENSER F 32x28-12 C S 15T 6R 915A 2.1P 5NC | O32: R063228121569 | P32: Adet | Q32: 1 | R32: =VLOOKUP('11'!O32,Malzemeler!C:D,2,0) -> 585 | S32: =+R32*Q32 -> 585
B33: 11 | C33: sabit | D33: sabit | E33: sabit | F33: sabit | G33: sabit | H33: sabit | I33: sabit | J33: =SUBTOTAL(103,B33) -> 1 | L33: MEKANİK | M33: 30 | N33: EVAPARATÖR F 32x28-12 C S 15T 4R 915A 2.4P 6NC | O33: R063228121549 | P33: Adet | Q33: 1 | R33: =VLOOKUP('11'!O33,Malzemeler!C:D,2,0) -> 480 | S33: =+R33*Q33 -> 480
... B89: 11 | C89: sabit | D89: sabit | E89: sabit | F89: sabit | G89: sabit | H89: sabit | I89: sabit | J89: =SUBTOTAL(103,B89) -> 1 | L89: OTOMASYON | M89: 86 | N89: LIHCH KABLO 2X0,75 | O89: R12KBLIHCH2X0 | P89: Metre | Q89: 45 | R89: =VLOOKUP('11'!O89,Malzemeler!C:D,2,0) -> 0 | S89: =+R89*Q89 -> 0
B90: 11 | C90: sabit | D90: sabit | E90: sabit | F90: sabit | G90: sabit | H90: sabit | I90: 1 | J90: =SUBTOTAL(103,B90) -> 1 | L90: TCP IP | M90: 1 | N90: pCOweb SE, ethernet card IP protocols pco1000wd | O90: R278003303311 | P90: Adet | Q90: 1 | R90: =VLOOKUP('11'!O90,Malzemeler!C:D,2,0) -> 0 | S90: =+R90*Q90 -> 0

Sheet 15
B1: Model | C1: Yön | D1: Besleme Filtre | E1: Dönüş Filtre | F1: Soğutucu Batarya | G1: Dış Ortam | H1: Ön Isıtıcı | I1: TCP/IP | N1: HPL 15
B2: 15 | C2: sabit | D2: sabit | E2: sabit | F2: sabit | G2: sabit | H2: sabit | I2: sabit | J2: =SUBTOTAL(103,B2) -> 1 | M2: No | N2: MALZEME ADI | O2: ERP KODU | P2: BİRİM | Q2: MİKTAR | R2: BİRİM FİYAT | S2: TOPLAM FİYAT
B3: 15 | C3: sabit | D3: sabit | E3: sabit | F3: sabit | G3: sabit | H3: sabit | I3: sabit | J3: =SUBTOTAL(103,B3) -> 1 | L3: MEKANİK | M3: 1 | N3: Kompresör ZP91KCE-TFD 3/4x7/8 | O3: R20KMZP053400 | P3: Adet | Q3: 1 | R3: =VLOOKUP('15'!O3,Malzemeler!C:D,2,0) -> 906.12 | S3: =+R3*Q3 -> 906.12
B4: 15 | C4: sabit | D4: sabit | E4: sabit | F4: sabit | G4: sabit | H4: sabit | I4: sabit | J4: =SUBTOTAL(103,B4) -> 1 | L4: MEKANİK | M4: 2 | N4: Copeland Karter Isıtıcı ID:8561105 | O4: R20KI08561105 | P4: Adet | Q4: 1 | R4: =VLOOKUP('15'!O4,Malzemeler!C:D,2,0) -> 40.7085 | S4: =+R4*Q4 -> 40.7085
B5: 15 | C5: sabit | D5: sabit | E5: sabit | F5: sabit | G5: sabit | H5: sabit | I5: sabit | J5: =SUBTOTAL(103,B5) -> 1 | L5: MEKANİK | M5: 3 | N5: 4 Yollu Vana SHF-20A-67 3/4"x7/8" | O5: R20V206734780 | P5: Adet | Q5: 1 | R5: =VLOOKUP('15'!O5,Malzemeler!C:D,2,0) -> 2702.18 | S5: =+R5*Q5 -> 2702.18
B6: 15 | C6: sabit | D6: sabit | E6: sabit | F6: sabit | G6: sabit | H6: sabit | I6: sabit | J6: =SUBTOTAL(103,B6) -> 1 | L6: MEKANİK | M6: 4 | N6: 4 Yollu Vana Bobini 220V AC 4,5W Kablolu | O6: R27SVB2204500 | P6: Adet | Q6: 1 | R6: =VLOOKUP('15'!O6,Malzemeler!C:D,2,0) -> 12.8 | S6: =+R6*Q6 -> 12.8
B7: 15 | C7: sabit | D7: sabit | E7: sabit | F7: sabit | G7: sabit | H7: sabit | I7: sabit | J7: =SUBTOTAL(103,B7) -> 1 | L7: MEKANİK | M7: 5 | N7: Danfoss NRV 16 s 020B1018 5/8" Check Valve | O7: R20NRV16S5801 | P7: Adet | Q7: 4 | R7: =VLOOKUP('15'!O7,Malzemeler!C:D,2,0) -> 16.7 | S7: =+R7*Q7 -> 66.8
B8: 15 | C8: sabit | D8: sabit | E8: sabit | F8: sabit | G8: sabit | H8: sabit | I8: sabit | J8: =SUBTOTAL(103,B8) -> 1 | L8: MEKANİK | M8: 6 | N8: Danfoss Drier DML165 5/8" 023Z5045 | O8: R20DML1655801 | P8: Adet | Q8: 1 | R8: =VLOOKUP('15'!O8,Malzemeler!C:D,2,0) -> 10.8 | S8: =+R8*Q8 -> 10.8
B9: 15 | C9: sabit | D9: sabit | E9: sabit | F9: sabit | G9: sabit | H9: sabit | I9: sabit | J9: =SUBTOTAL(103,B9) -> 1 | L9: MEKANİK | M9: 7 | N9: Danfoss Gözetleme Camı Kaynaklı SGP 16s N 5/8" 014L0145 | O9: R20SGP16SN580 | P9: Adet | Q9: 1 | R9: =VLOOKUP('15'!O9,Malzemeler!C:D,2,0) -> 14.5 | S9: =+R9*Q9 -> 14.5
B10: 15 | C10: sabit | D10: sabit | E10: sabit | F10: sabit | G10: sabit | H10: sabit | I10: sabit | J10: =SUBTOTAL(103,B10) -> 1 | L10: MEKANİK | M10: 8 | N10: Danfoss Küresel Vana GBC 16s 5/8" 009L7023 | O10: R20GBC1658723 | P10: Adet | Q10: 1 | R10: =VLOOKUP('15'!O10,Malzemeler!C:D,2,0) -> 19.5 | S10: =+R10*Q10 -> 19.5
B11: 15 | C11: sabit | D11: sabit | E11: sabit | F11: sabit | G11: sabit | H11: sabit | I11: sabit | J11: =SUBTOTAL(103,B11) -> 1 | L11: MEKANİK | M11: 9 | N11: GVN LİKİT TANKI VLR.A.33b.04.B2.C2 | O11: R20LTVLR02423 | P11: Adet | Q11: 1 | R11: =VLOOKUP('15'!O11,Malzemeler!C:D,2,0) -> 0 | S11: =+R11*Q11 -> 0
B12: 15 | C12: sabit | D12: sabit | E12: sabit | F12: sabit | G12: sabit | H12: sabit | I12: sabit | J12: =SUBTOTAL(103,B12) -> 1 | L12: MEKANİK | M12: 10 | N12: GVN EMİŞ AKÜMÜLATÖRÜ SLA.33B.22.3.5 | O12: R20SLA2235000 | P12: Adet | Q12: 1 | R12: =VLOOKUP('15'!O12,Malzemeler!C:D,2,0) -> 0 | S12: =+R12*Q12 -> 0
B13: 15 | C13: sabit | D13: sabit | E13: sabit | F13: sabit | G13: sabit | H13: sabit | I13: sabit | J13: =SUBTOTAL(103,B13) -> 1 | L13: MEKANİK | M13: 11 | N13: BAKIR BORU 1/4" | O13: R20BBQ1400000 | P13: Adet | Q13: 5.5 | R13: =VLOOKUP('15'!O13,Malzemeler!C:D,2,0) -> 2.5 | S13: =+R13*Q13 -> 13.75
B14: 15 | C14: sabit | D14: sabit | E14: sabit | F14: sabit | G14: sabit | H14: sabit | I14: sabit | J14: =SUBTOTAL(103,B14) -> 1 | L14: MEKANİK | M14: 12 | N14: BAKIR BORU Q16 (5/8")-1 MM | O14: R20BBQ1600000 | P14: Adet | Q14: 5 | R14: =VLOOKUP('15'!O14,Malzemeler!C:D,2,0) -> 7.85 | S14: =+R14*Q14 -> 39.25
... B20: 15 | C20: sabit | D20: sabit | E20: sabit | F20: sabit | G20: sabit | H20: sabit | I20: sabit | J20: =SUBTOTAL(103,B20) -> 1 | L20: MEKANİK | M20: 18 | N20: BAKIR TE 1/2"-1/2"-1/2" | O20: R20BT00121212 | P20: Adet | Q20: 6 | R20: =VLOOKUP('15'!O20,Malzemeler!C:D,2,0) -> 0.45 | S20: =+R20*Q20 -> 2.7
B21: 15 | C21: sabit | D21: sabit | E21: sabit | F21: sabit | G21: sabit | H21: sabit | I21: sabit | J21: =SUBTOTAL(103,B21) -> 1 | L21: MEKANİK | M21: 18 | N21: Kauçuk Kelepçe 22 mm | O21: R21RK32000002 | P21: Adet | Q21: 2 | R21: =VLOOKUP('7'!O21,Malzemeler!C:D,2,0) -> 0.4 | S21: =+R21*Q21 -> 0.8
B22: 15 | C22: sabit | D22: sabit | E22: sabit | F22: sabit | G22: sabit | H22: sabit | I22: sabit | J22: =SUBTOTAL(103,B22) -> 1 | L22: MEKANİK | M22: 19 | N22: 7/8" İzolasyon 9'luk | O22: R10IZ90280005 | P22: Adet | Q22: 4 | R22: =VLOOKUP('15'!O22,Malzemeler!C:D,2,0) -> 0.4 | S22: =+R22*Q22 -> 1.6
B23: 15 | C23: sabit | D23: sabit | E23: sabit | F23: sabit | G23: sabit | H23: sabit | I23: sabit | J23: =SUBTOTAL(103,B23) -> 1 | L23: MEKANİK | M23: 20 | N23: Gümüş KAYNAK TELİ | O23: R20GK30000000 | P23: Adet | Q23: 0.3 | R23: =VLOOKUP('15'!O23,Malzemeler!C:D,2,0) -> 1615.6 | S23: =+R23*Q23 -> 484.68
B24: 15 | C24: sabit | D24: sabit | E24: sabit | F24: sabit | G24: sabit | H24: sabit | I24: sabit | J24: =SUBTOTAL(103,B24) -> 1 | L24: MEKANİK | M24: 21 | N24: BAKIR KAYNAK TELİ | O24: R20BAKIRKT001 | P24: Adet | Q24: 0.3 | R24: =VLOOKUP('15'!O24,Malzemeler!C:D,2,0) -> 40 | S24: =+R24*Q24 -> 12
B25: 15 | C25: sabit | D25: sabit | E25: sabit | F25: sabit | G25: sabit | H25: sabit | I25: sabit | J25: =SUBTOTAL(103,B25) -> 1 | L25: MEKANİK | M25: 22 | N25: BORAKS KİMYASAL ICOLD İ-FLUX 020AG1014 | O25: R20BR10000000 | P25: Adet | Q25: 0.1 | R25: =VLOOKUP('15'!O25,Malzemeler!C:D,2,0) -> 150 | S25: =+R25*Q25 -> 15
B26: 15 | C26: sabit | D26: sabit | E26: sabit | F26: sabit | G26: sabit | H26: sabit | I26: sabit | J26: =SUBTOTAL(103,B26) -> 1 | L26: MEKANİK | M26: 23 | N26: CRYOLANT RB 32 ESTER YAG | O26: R20KY0RB32001 | P26: Adet | Q26: 0.8 | R26: =VLOOKUP('15'!O26,Malzemeler!C:D,2,0) -> 30 | S26: =+R26*Q26 -> 24
B27: 15 | C27: sabit | D27: sabit | E27: sabit | F27: sabit | G27: sabit | H27: sabit | I27: sabit | J27: =SUBTOTAL(103,B27) -> 1 | L27: MEKANİK | M27: 24 | N27: GAZ R410 (11.3 KG/TÜP) | O27: R20GR41000000 | P27: Adet | Q27: 1 | R27: =VLOOKUP('15'!O27,Malzemeler!C:D,2,0) -> 150 | S27: =+R27*Q27 -> 150
B28: 15 | C28: sabit | D28: sabit | E28: sabit | F28: sabit | G28: sabit | H28: sabit | I28: sabit | J28: =SUBTOTAL(103,B28) -> 1 | L28: MEKANİK | M28: 25 | N28: 8300102231-VBH0400CTRNZ | O28: R058300102231 | P28: Adet | Q28: 1 | R28: =VLOOKUP('15'!O28,Malzemeler!C:D,2,0) -> 0 | S28: =+R28*Q28 -> 0
B29: 15 | C29: sabit | D29: sabit | E29: sabit | F29: sabit | G29: sabit | H29: sabit | I29: sabit | J29: =SUBTOTAL(103,B29) -> 1 | L29: MEKANİK | M29: 26 | N29: 8300102231-VBH0400CTRNZ | O29: R058300102231 | P29: Adet | Q29: 1 | R29: =VLOOKUP('15'!O29,Malzemeler!C:D,2,0) -> 0 | S29: =+R29*Q29 -> 0
B30: 15 | C30: sabit | D30: sabit | E30: sabit | F30: sabit | G30: sabit | H30: sabit | I30: sabit | J30: =SUBTOTAL(103,B30) -> 1 | L30: MEKANİK | M30: 27 | N30: HPL 15 APHE H 2x1 50 4.8 134 | O30: R09HPL1525481 | P30: Adet | Q30: 1 | R30: =VLOOKUP('15'!O30,Malzemeler!C:D,2,0) -> 986.3 | S30: =+R30*Q30 -> 986.3
B31: 15 | C31: sabit | D31: sabit | E31: sabit | F31: sabit | G31: sabit | H31: sabit | I31: sabit | J31: =SUBTOTAL(103,B31) -> 1 | L31: MEKANİK | M31: 28 | N31: ISITICI F 32x28-12 C S 12T 2R 1220A 3P 4NC | O31: R063228122220 | P31: Adet | Q31: 1 | R31: =VLOOKUP('15'!O31,Malzemeler!C:D,2,0) -> 310 | S31: =+R31*Q31 -> 310
B32: 15 | C32: sabit | D32: sabit | E32: sabit | F32: sabit | G32: sabit | H32: sabit | I32: sabit | J32: =SUBTOTAL(103,B32) -> 1 | L32: MEKANİK | M32: 29 | N32: KONDENSER F 32x28-12 C S 15T 6R 1210A 2.1P 5NC | O32: R063228121561 | P32: Adet | Q32: 1 | R32: =VLOOKUP('15'!O32,Malzemeler!C:D,2,0) -> 775 | S32: =+R32*Q32 -> 775
B33: 15 | C33: sabit | D33: sabit | E33: sabit | F33: sabit | G33: sabit | H33: sabit | I33: sabit | J33: =SUBTOTAL(103,B33) -> 1 | L33: MEKANİK | M33: 30 | N33: EVAPARATÖR F 32x28-12 C S 15T 4R 1210A 2.4P 6NC | O33: R063228121541 | P33: Adet | Q33: 1 | R33: =VLOOKUP('15'!O33,Malzemeler!C:D,2,0) -> 610 | S33: =+R33*Q33 -> 610
... B87: 15 | C87: sabit | D87: sabit | E87: sabit | F87: sabit | G87: sabit | H87: sabit | I87: sabit | J87: =SUBTOTAL(103,B87) -> 1 | L87: OTOMASYON | M87: 84 | N87: LIHCH KABLO 2X0,75 | O87: R12KBLIHCH2X0 | P87: Metre | Q87: 45 | R87: =VLOOKUP('15'!O87,Malzemeler!C:D,2,0) -> 0 | S87: =+R87*Q87 -> 0
B88: 15 | C88: sabit | D88: sabit | E88: sabit | F88: sabit | G88: sabit | H88: sabit | I88: 1 | J88: =SUBTOTAL(103,B88) -> 1 | L88: TCP IP | M88: 1 | N88: pCOweb SE, ethernet card IP protocols pco1000wd | O88: R278003303311 | P88: Adet | Q88: 1 | R88: =VLOOKUP('15'!O88,Malzemeler!C:D,2,0) -> 0 | S88: =+R88*Q88 -> 0

Sheet 22
B1: Model | C1: Yön | D1: Besleme Filtre | E1: Dönüş Filtre | F1: Soğutucu Batarya | G1: Dış Ortam | H1: Ön Isıtıcı | I1: TCP/IP | N1: HPL 22
B2: 22 | C2: sabit | D2: sabit | E2: sabit | F2: sabit | G2: sabit | H2: sabit | I2: sabit | J2: =SUBTOTAL(103,B2) -> 1 | M2: No | N2: MALZEME ADI | O2: ERP KODU | P2: BİRİM | Q2: MİKTAR | R2: BİRİM FİYAT | S2: TOPLAM FİYAT
A3: MEKANİK | B3: 22 | C3: sabit | D3: sabit | E3: sabit | F3: sabit | G3: sabit | H3: sabit | I3: sabit | J3: =SUBTOTAL(103,B3) -> 1 | L3: MEKANİK | M3: 1 | N3: Kompresör ZP104 KCE TFD 455 | O3: R20KMZP104001 | P3: Adet | Q3: 1 | R3: =VLOOKUP('22'!O3,Malzemeler!C:D,2,0) -> 1211.04 | S3: =+R3*Q3 -> 1211.04
B4: 22 | C4: sabit | D4: sabit | E4: sabit | F4: sabit | G4: sabit | H4: sabit | I4: sabit | J4: =SUBTOTAL(103,B4) -> 1 | L4: MEKANİK | M4: 2 | N4: Copeland Karter Isıtıcı ID:8561105 | O4: R20KI08561105 | P4: Adet | Q4: 1 | R4: =VLOOKUP('22'!O4,Malzemeler!C:D,2,0) -> 40.7085 | S4: =+R4*Q4 -> 40.7085
B5: 22 | C5: sabit | D5: sabit | E5: sabit | F5: sabit | G5: sabit | H5: sabit | I5: sabit | J5: =SUBTOTAL(103,B5) -> 1 | L5: MEKANİK | M5: 3 | N5: Danfoss Drier DML305 5/8" 023Z0051 | O5: R20DML3055801 | P5: Adet | Q5: 1 | R5: =VLOOKUP('22'!O5,Malzemeler!C:D,2,0) -> 18.8 | S5: =+R5*Q5 -> 18.8
B6: 22 | C6: sabit | D6: sabit | E6: sabit | F6: sabit | G6: sabit | H6: sabit | I6: sabit | J6: =SUBTOTAL(103,B6) -> 1 | L6: MEKANİK | M6: 4 | N6: Danfoss Gözetleme Camı Kaynaklı SGP 16s N 5/8" 014L0145 | O6: R20SGP16SN580 | P6: Adet | Q6: 1 | R6: =VLOOKUP('22'!O6,Malzemeler!C:D,2,0) -> 14.5 | S6: =+R6*Q6 -> 14.5
B7: 22 | C7: sabit | D7: sabit | E7: sabit | F7: sabit | G7: sabit | H7: sabit | I7: sabit | J7: =SUBTOTAL(103,B7) -> 1 | L7: MEKANİK | M7: 5 | N7: Danfoss Küresel Vana GBC 16s 5/8" 009L7023 | O7: R20GBC1658723 | P7: Adet | Q7: 1 | R7: =VLOOKUP('22'!O7,Malzemeler!C:D,2,0) -> 19.5 | S7: =+R7*Q7 -> 19.5
B8: 22 | C8: sabit | D8: sabit | E8: sabit | F8: sabit | G8: sabit | H8: sabit | I8: sabit | J8: =SUBTOTAL(103,B8) -> 1 | L8: MEKANİK | M8: 6 | N8: GVN LİKİT TANKI VLR.A.33b.10.B4.C4 | O8: R20LTVLR33104 | P8: Adet | Q8: 1 | R8: =VLOOKUP('22'!O8,Malzemeler!C:D,2,0) -> 0 | S8: =+R8*Q8 -> 0
B9: 22 | C9: sabit | D9: sabit | E9: sabit | F9: sabit | G9: sabit | H9: sabit | I9: sabit | J9: =SUBTOTAL(103,B9) -> 1 | L9: MEKANİK | M9: 7 | N9: BAKIR BORU Q16 (5/8'')-1 mm | O9: R20BBQ1600000 | P9: Adet | Q9: 2 | R9: =VLOOKUP('22'!O9,Malzemeler!C:D,2,0) -> 7.85 | S9: =+R9*Q9 -> 15.7
B10: 22 | C10: sabit | D10: sabit | E10: sabit | F10: sabit | G10: sabit | H10: sabit | I10: sabit | J10: =SUBTOTAL(103,B10) -> 1 | L10: MEKANİK | M10: 8 | N10: BAKIR BORU Q28 (1 1/8")-1,5 MM | O10: R20BBQ2800000 | P10: Adet | Q10: 3 | R10: =VLOOKUP('22'!O10,Malzemeler!C:D,2,0) -> 20.8 | S10: =+R10*Q10 -> 62.4
B11: 22 | C11: sabit | D11: sabit | E11: sabit | F11: sabit | G11: sabit | H11: sabit | I11: sabit | J11: =SUBTOTAL(103,B11) -> 1 | L11: MEKANİK | M11: 9 | N11: BAKIR BORU Q22 (7/8'')-1,5 mm | O11: R20BBQ2200000 | P11: Adet | Q11: 2 | R11: =VLOOKUP('22'!O11,Malzemeler!C:D,2,0) -> 16.15 | S11: =+R11*Q11 -> 32.3
B12: 22 | C12: sabit | D12: sabit | E12: sabit | F12: sabit | G12: sabit | H12: sabit | I12: sabit | J12: =SUBTOTAL(103,B12) -> 1 | L12: MEKANİK | M12: 10 | N12: 5/8'' Bakır Dirsek | O12: R20BD58000000 | P12: Adet | Q12: 4 | R12: =VLOOKUP('22'!O12,Malzemeler!C:D,2,0) -> 0.3 | S12: =+R12*Q12 -> 1.2
B13: 22 | C13: sabit | D13: sabit | E13: sabit | F13: sabit | G13: sabit | H13: sabit | I13: sabit | J13: =SUBTOTAL(103,B13) -> 1 | L13: MEKANİK | M13: 11 | N13: 1 1/8 İzolasyon 9'luk | O13: R10IZ90280006 | P13: Metre | Q13: 2 | R13: =VLOOKUP('22'!O13,Malzemeler!C:D,2,0) -> 0.3 | S13: =+R13*Q13 -> 0.6
B14: 22 | C14: sabit | D14: sabit | E14: sabit | F14: sabit | G14: sabit | H14: sabit | I14: sabit | J14: =SUBTOTAL(103,B14) -> 1 | L14: MEKANİK | M14: 12 | N14: BAKIR REDÜKSİYON 16X12 | O14: R20BR16X12000 | P14: Adet | Q14: 0.1 | R14: =VLOOKUP('22'!O14,Malzemeler!C:D,2,0) -> 0.3 | S14: =+R14*Q14 -> 0.03
B15: 22 | C15: sabit | D15: sabit | E15: sabit | F15: sabit | G15: sabit | H15: sabit | I15: sabit | J15: =SUBTOTAL(103,B15) -> 1 | L15: MEKANİK | M15: 13 | N15: BAKIR REDÜKSİYON 28x22 | O15: R20BR28X22000 | P15: Adet | Q15: 2 | R15: =VLOOKUP('22'!O15,Malzemeler!C:D,2,0) -> 0.95 | S15: =+R15*Q15 -> 1.9
... B28: 22 | C28: L | D28: sabit | E28: sabit | F28: sabit | G28: sabit | H28: sabit | I28: sabit | J28: =SUBTOTAL(103,B28) -> 1 | L28: MEKANİK - SOL | M28: 23 | N28: ISITICI F 32x28-12 C S 26T 2R 1070A 3.2P 5NC | O28: - | P28: Adet | Q28: 1 | R28: =VLOOKUP('22'!O28,Malzemeler!C:D,2,0) -> 410 | S28: =+R28*Q28 -> 410
B29: 22 | C29: L | D29: sabit | E29: sabit | F29: sabit | G29: sabit | H29: sabit | I29: sabit | J29: =SUBTOTAL(103,B29) -> 1 | L29: MEKANİK - SOL | M29: 24 | N29: KONDENSER F 25x22-3/8 L G 32T 3R 1080A 2.5P 12NC | P29: Adet | Q29: 1 | R29: =VLOOKUP('22'!O29,Malzemeler!C:D,2,0) -> #N/A | S29: =+R29*Q29 -> #N/A
B30: 22 | C30: L | D30: sabit | E30: sabit | F30: sabit | G30: sabit | H30: sabit | I30: sabit | J30: =SUBTOTAL(103,B30) -> 1 | L30: MEKANİK - SOL | M30: 25 | N30: EVAPARATÖR F 32x28-12 C S 18T 6R 1065A 2P 6NC | P30: Adet | Q30: 1 | R30: =VLOOKUP('22'!O30,Malzemeler!C:D,2,0) -> #N/A | S30: =+R30*Q30 -> #N/A
B31: 22 | C31: sabit | D31: sabit | E31: sabit | F31: sabit | G31: sabit | H31: sabit | I31: sabit | J31: =SUBTOTAL(103,B31) -> 1 | L31: MEKANİK | M31: 26 | N31: CİVATA-BOLT 8x35 | O31: CİVATA-BOLT 8x35 | P31: Adet | Q31: 8 | R31: =VLOOKUP('22'!O31,Malzemeler!C:D,2,0) -> 0 | S31: =+R31*Q31 -> 0
B32: 22 | C32: sabit | D32: sabit | E32: sabit | F32: sabit | G32: sabit | H32: sabit | I32: sabit | J32: =SUBTOTAL(103,B32) -> 1 | L32: MEKANİK | M32: 27 | N32: CİVATA-BOLT M6x30 İnbus | O32: CİVATA-BOLT M6x30 İnbus | P32: Adet | Q32: 20 | R32: =VLOOKUP('22'!O32,Malzemeler!C:D,2,0) -> 0 | S32: =+R32*Q32 -> 0
B33: 22 | C33: sabit | D33: sabit | E33: sabit | F33: sabit | G33: sabit | H33: sabit | I33: sabit | J33: =SUBTOTAL(103,B33) -> 1 | L33: MEKANİK | M33: 28 | N33: CONTA-GASKET 3x25 | O33: CONTA-GASKET 3x25 | P33: Adet | Q33: 14 | R33: =VLOOKUP('22'!O33,Malzemeler!C:D,2,0) -> 0 | S33: =+R33*Q33 -> 0
B34: 22 | C34: sabit | D34: sabit | E34: sabit | F34: sabit | G34: sabit | H34: sabit | I34: sabit | J34: =SUBTOTAL(103,B34) -> 1 | L34: MEKANİK | M34: 29 | N34: PUL-WASHER M8 | O34: PUL-WASHER M8 | P34: Adet | Q34: 8 | R34: =VLOOKUP('22'!O34,Malzemeler!C:D,2,0) -> 0 | S34: =+R34*Q34 -> 0
B35: 22 | C35: sabit | D35: sabit | E35: sabit | F35: sabit | G35: sabit | H35: sabit | I35: sabit | J35: =SUBTOTAL(103,B35) -> 1 | L35: MEKANİK | M35: 30 | N35: 0,8 mm Z275 DX51 RAL7035 Boyalı Rulo Sac | O35: R01B080000001 | P35: Adet | Q35: 803.10992 | R35: =VLOOKUP('22'!O35,Malzemeler!C:D,2,0) -> 1.07 | S35: =+R35*Q35 -> 859.32761
B36: 22 | C36: sabit | D36: sabit | E36: sabit | F36: sabit | G36: sabit | H36: sabit | I36: sabit | J36: =SUBTOTAL(103,B36) -> 1 | L36: MEKANİK | M36: 31 | N36: 1.0 MM Z275 DX51 Rulo Sac | O36: R01GL10000275 | P36: Adet | Q36: 6.0112 | R36: =VLOOKUP('22'!O36,Malzemeler!C:D,2,0) -> 0 | S36: =+R36*Q36 -> 0
B37: 22 | C37: sabit | D37: sabit | E37: sabit | F37: sabit | G37: sabit | H37: sabit | I37: sabit | J37: =SUBTOTAL(103,B37) -> 1 | L37: MEKANİK | M37: 32 | N37: 0,8 MM 275 gr GALVANİZLİ SAC | O37: R01GL10000278 | P37: Adet | Q37: 10.0368 | R37: =VLOOKUP('22'!O37,Malzemeler!C:D,2,0) -> 1.23 | S37: =+R37*Q37 -> 12.345264
B38: 22 | C38: sabit | D38: sabit | E38: sabit | F38: sabit | G38: sabit | H38: sabit | I38: sabit | J38: =SUBTOTAL(103,B38) -> 1 | L38: MEKANİK | M38: 33 | N38: 2.00MM 275 gr GALVANIZLI SAC | O38: R01GL20000275 | P38: Adet | Q38: 87.398888 | R38: =VLOOKUP('22'!O38,Malzemeler!C:D,2,0) -> 0.8 | S38: =+R38*Q38 -> 69.91911
B39: 22 | C39: sabit | D39: sabit | E39: sabit | F39: sabit | G39: sabit | H39: sabit | I39: sabit | J39: =SUBTOTAL(103,B39) -> 1 | L39: MEKANİK | M39: 34 | N39: 3,0 MM 275 gr GALVANIZLI SAC | O39: R01GL30000275 | P39: Adet | Q39: 197.10072 | R39: =VLOOKUP('22'!O39,Malzemeler!C:D,2,0) -> 0.79 | S39: =+R39*Q39 -> 155.70957
B40: 22 | C40: sabit | D40: sabit | E40: sabit | F40: sabit | G40: sabit | H40: sabit | I40: sabit | J40: =SUBTOTAL(103,B40) -> 1 | L40: MEKANİK | M40: 35 | N40: 1,20MM 275 gr GALVANIZLI SAC | O40: R01GL36000275 | P40: Adet | Q40: 33.311043 | R40: =VLOOKUP('22'!O40,Malzemeler!C:D,2,0) -> 0.85 | S40: =+R40*Q40 -> 28.314386
B41: 22 | C41: sabit | D41: sabit | E41: sabit | F41: sabit | G41: sabit | H41: sabit | I41: sabit | J41: =SUBTOTAL(103,B41) -> 1 | L41: MEKANİK | M41: 36 | N41: 0,80 MM PASLANMAZ SAC | O41: R01PS08000000 | P41: Adet | Q41: 24.52545 | R41: =VLOOKUP('22'!O41,Malzemeler!C:D,2,0) -> 2.32 | S41: =+R41*Q41 -> 56.899044
B42: 22 | C42: sabit | D42: sabit | E42: sabit | F42: sabit | G42: sabit | H42: sabit | I42: sabit | J42: =SUBTOTAL(103,B42) -> 1 | L42: MEKANİK | M42: 37 | N42: 20X30 GALVANIZ KUTU PROFIL | O42: R02KP12300000 | P42: Adet | Q42: 5.3856 | R42: =VLOOKUP('22'!O42,Malzemeler!C:D,2,0) -> 0 | S42: =+R42*Q42 -> 0
... B93: 22 | C93: sabit | D93: sabit | E93: sabit | F93: sabit | G93: sabit | H93: sabit | I93: sabit | J93: =SUBTOTAL(103,B93) -> 1 | L93: MEKANİK | M93: 88 | N93: MONTAJ İŞÇİLİK OVERHEAD | O93: HIZM000000010 | P93: Adet | Q93: 83.93 | R93: =VLOOKUP('22'!O93,Malzemeler!C:D,2,0) -> 0 | S93: =+R93*Q93 -> 0
A94: OTOMASYON | B94: 22 | C94: sabit | D94: sabit | E94: sabit | F94: sabit | G94: sabit | H94: sabit | I94: sabit | J94: =SUBTOTAL(103,B94) -> 1 | L94: OTOMASYON | M94: 1 | N94: REFNOX Alçak Basınç Swtich WPS-03L059/1,7G2,7G | O94: R27ABS00R1737 | P94: Adet | Q94: 1 | R94: =VLOOKUP('22'!O94,Malzemeler!C:D,2,0) -> 4.76 | S94: =+R94*Q94 -> 4.76
B95: 22 | C95: sabit | D95: sabit | E95: sabit | F95: sabit | G95: sabit | H95: sabit | I95: sabit | J95: =SUBTOTAL(103,B95) -> 1 | L95: OTOMASYON | M95: 2 | N95: REFNOX Yüksek Basınç Swtich WPS-03H059/42R33R | O95: R27YBS00R4232 | P95: Adet | Q95: 1 | R95: =VLOOKUP('22'!O95,Malzemeler!C:D,2,0) -> 4.76 | S95: =+R95*Q95 -> 4.76
B96: 22 | C96: sabit | D96: sabit | E96: sabit | F96: sabit | G96: sabit | H96: sabit | I96: sabit | J96: =SUBTOTAL(103,B96) -> 1 | L96: OTOMASYON | M96: 3 | N96: CAREL E2V30FSFC0 ELECTRONIC EXPANSION VALVE E2V30-F 12-12 ODF W/O STATOR | O96: R27CRLE2V3012 | P96: Adet | Q96: 1 | R96: =VLOOKUP('22'!O96,Malzemeler!C:D,2,0) -> 0 | S96: =+R96*Q96 -> 0
B97: 22 | C97: sabit | D97: sabit | E97: sabit | F97: sabit | G97: sabit | H97: sabit | I97: sabit | J97: =SUBTOTAL(103,B97) -> 1 | L97: OTOMASYON | M97: 4 | N97: CAREL E2VSTA0201 BIPOLAR STATOR FOR E2VB | O97: R27E2V0220100 | P97: Adet | Q97: 1 | R97: =VLOOKUP('22'!O97,Malzemeler!C:D,2,0) -> 40.53 | S97: =+R97*Q97 -> 40.53
B98: 22 | C98: sabit | D98: sabit | E98: sabit | F98: sabit | G98: sabit | H98: sabit | I98: sabit | J98: =SUBTOTAL(103,B98) -> 1 | L98: OTOMASYON | M98: 5 | N98: CAREL SPKT00B6P0 PRESS.TRASD.0-5V | O98: R27CL02250001 | P98: Adet | Q98: 1 | R98: =VLOOKUP('22'!O98,Malzemeler!C:D,2,0) -> 46.47 | S98: =+R98*Q98 -> 46.47
B99: 22 | C99: sabit | D99: sabit | E99: sabit | F99: sabit | G99: sabit | H99: sabit | I99: sabit | J99: =SUBTOTAL(103,B99) -> 1 | L99: OTOMASYON | M99: 6 | N99: Alçak Basınç Trans 0-5Vdc 0-17.3bar SPKT0043P0 | O99: R20SPKT0043R0 | P99: Adet | Q99: 1 | R99: =VLOOKUP('22'!O99,Malzemeler!C:D,2,0) -> 74.48 | S99: =+R99*Q99 -> 74.48
B100: 22 | C100: sabit | D100: sabit | E100: sabit | F100: sabit | G100: sabit | H100: sabit | I100: sabit | J100: =SUBTOTAL(103,B100) -> 1 | L100: OTOMASYON | M100: 7 | N100: CAREL P+500B0A000M0 PCO5+ MEDIUM, FB/BMS NO OPTO, NO USB | O100: R27CP50000000 | P100: Adet | Q100: 1 | R100: =VLOOKUP('22'!O100,Malzemeler!C:D,2,0) -> 675.52 | S100: =+R100*Q100 -> 675.52
B101: 22 | C101: sabit | D101: sabit | E101: sabit | F101: sabit | G101: sabit | H101: sabit | I101: sabit | J101: =SUBTOTAL(103,B101) -> 1 | L101: OTOMASYON | M101: 8 | N101: CAREL CONNECTOR P+50CON0M0 | O101: R27C050000000 | P101: Adet | Q101: 1 | R101: =VLOOKUP('22'!O101,Malzemeler!C:D,2,0) -> 23.17 | S101: =+R101*Q101 -> 23.17
B102: 22 | C102: sabit | D102: sabit | E102: sabit | F102: sabit | G102: sabit | H102: sabit | I102: sabit | J102: =SUBTOTAL(103,B102) -> 1 | L102: OTOMASYON | M102: 9 | N102: Ekran pGD1 PGD1000FW0 | O102: R27PGD1000FW0 | P102: Adet | Q102: 1 | R102: =VLOOKUP('22'!O102,Malzemeler!C:D,2,0) -> 130.16 | S102: =+R102*Q102 -> 130.16
B103: 22 | C103: sabit | D103: sabit | E103: sabit | F103: sabit | G103: sabit | H103: sabit | I103: sabit | J103: =SUBTOTAL(103,B103) -> 1 | L103: OTOMASYON | M103: 10 | N103: KabloS90CONN000 | O103: R27S90CONN000 | P103: Adet | Q103: 1 | R103: =VLOOKUP('22'!O103,Malzemeler!C:D,2,0) -> 130.16 | S103: =+R103*Q103 -> 130.16
B104: 22 | C104: sabit | D104: sabit | E104: sabit | F104: sabit | G104: sabit | H104: sabit | I104: sabit | J104: =SUBTOTAL(103,B104) -> 1 | L104: OTOMASYON | M104: 11 | N104: SPKC005310 (5MT) | O104: R27SPKC531000 | P104: Adet | Q104: 2 | R104: =VLOOKUP('22'!O104,Malzemeler!C:D,2,0) -> 4.73 | S104: =+R104*Q104 -> 9.46
B105: 22 | C105: sabit | D105: sabit | E105: sabit | F105: sabit | G105: sabit | H105: sabit | I105: sabit | J105: =SUBTOTAL(103,B105) -> 1 | L105: OTOMASYON | M105: 12 | N105: CAREL DPDC111000 DUCTSENSOR TEMP.-10T60GR.C. | O105: R27DP00200309 | P105: Adet | Q105: 2 | R105: =VLOOKUP('22'!O105,Malzemeler!C:D,2,0) -> 155.05 | S105: =+R105*Q105 -> 310.1
B106: 22 | C106: sabit | D106: sabit | E106: sabit | F106: sabit | G106: sabit | H106: sabit | I106: sabit | J106: =SUBTOTAL(103,B106) -> 1 | L106: OTOMASYON | M106: 13 | N106: CAREL EVD0000E41 EVD EVOLUTION FOR CAREL VALVES (PLAN) MULTIPLE PACKAGE (10) | O106: R27EVD0000041 | P106: Adet | Q106: 1 | R106: =VLOOKUP('22'!O106,Malzemeler!C:D,2,0) -> 238.61 | S106: =+R106*Q106 -> 238.61
... B115: 22 | C115: sabit | D115: sabit | E115: sabit | F115: sabit | G115: sabit | H115: sabit | I115: sabit | J115: =SUBTOTAL(103,B115) -> 1 | L115: OTOMASYON | M115: 22 | N115: KAPI SWİTCHİ (XCKP2145P16) | O115: R12KS40000000 | P115: Adet | Q115: 2 | R115: =VLOOKUP('22'!O115,Malzemeler!C:D,2,0) -> 20 | S115: =+R115*Q115 -> 40
B116: 22 | C116: sabit | D116: sabit | E116: sabit | F116: sabit | G116: sabit | H116: sabit | I116: sabit | J116: =SUBTOTAL(103,B116) -> 1 | L116: OTOMASYON | M116: 23 | N116: LM24A-SR Damper Actuator Proportional 4nM | O116: =VLOOKUP(N116,Malzemeler!B:C,2,) -> R27LM24ASR263 | P116: Adet | Q116: 2 | R116: =VLOOKUP('22'!O116,Malzemeler!C:D,2,0) -> 65.58 | S116: =+R116*Q116 -> 131.16
B117: 22 | C117: sabit | D117: sabit | E117: sabit | F117: sabit | G117: sabit | H117: sabit | I117: sabit | J117: =SUBTOTAL(103,B117) -> 1 | L117: OTOMASYON | M117: 24 | N117: LM24A-S Damper Actuator On-Off 5nM | O117: =VLOOKUP(N117,Malzemeler!B:C,2,) -> R27DMLM24AS45 | P117: Adet | Q117: 3 | R117: =VLOOKUP('22'!O117,Malzemeler!C:D,2,0) -> 59.21 | S117: =+R117*Q117 -> 177.63
B118: 22 | C118: sabit | D118: sabit | E118: sabit | F118: sabit | G118: sabit | H118: sabit | I118: sabit | J118: =SUBTOTAL(103,B118) -> 1 | L118: OTOMASYON | M118: 25 | N118: DCC-LR24A-SR | O118: =VLOOKUP(N118,Malzemeler!B:C,2,) -> R27000LR24ASR | P118: Adet | Q118: 1 | R118: =VLOOKUP('22'!O118,Malzemeler!C:D,2,0) -> 77.55 | S118: =+R118*Q118 -> 77.55
B119: 22 | C119: sabit | D119: sabit | E119: sabit | F119: sabit | G119: sabit | H119: sabit | I119: sabit | J119: =SUBTOTAL(103,B119) -> 1 | L119: OTOMASYON | M119: 26 | N119: R3020-4-S2 3 YOLLU VANA GÖVDESİ, DN20, PN16 | O119: =VLOOKUP(N119,Malzemeler!B:C,2,) -> R27VG30203200 | P119: Adet | Q119: 1 | R119: =VLOOKUP('22'!O119,Malzemeler!C:D,2,0) -> 60.72 | S119: =+R119*Q119 -> 60.72
B120: 22 | C120: sabit | D120: sabit | E120: sabit | F120: sabit | G120: sabit | H120: sabit | I120: sabit | J120: =SUBTOTAL(103,B120) -> 1 | L120: OTOMASYON | M120: 27 | N120: HPL-22 PANO | O120: PNHPL22000001 | P120: Adet | Q120: 1 | R120: =VLOOKUP('22'!O120,Malzemeler!C:D,2,0) -> 0 | S120: =+R120*Q120 -> 0
B121: 22 | C121: sabit | D121: sabit | E121: sabit | F121: sabit | G121: sabit | H121: sabit | I121: sabit | J121: =SUBTOTAL(103,B121) -> 1 | L121: OTOMASYON | M121: 28 | N121: HPL M 90x70x20 PANO KABINI | O121: R14HPL9070200 | P121: Adet | Q121: 1 | R121: =VLOOKUP('22'!O121,Malzemeler!C:D,2,0) -> 0 | S121: =+R121*Q121 -> 0
B122: 22 | C122: sabit | D122: sabit | E122: sabit | F122: sabit | G122: sabit | H122: sabit | I122: sabit | J122: =SUBTOTAL(103,B122) -> 1 | L122: OTOMASYON | M122: 31 | N122: ELEKTRİK ADAM SAAT | O122: HIZM000000041 | P122: Adet | Q122: 36 | R122: =VLOOKUP('22'!O122,Malzemeler!C:D,2,0) -> 0 | S122: =+R122*Q122 -> 0
B123: 22 | C123: sabit | D123: sabit | E123: sabit | F123: sabit | G123: sabit | H123: sabit | I123: sabit | J123: =SUBTOTAL(103,B123) -> 1 | L123: OTOMASYON | M123: 32 | N123: Halogen free 2XSLCHJB Kablo 4x2,5mm | O123: R12KL42500001 | P123: Metre | Q123: 25 | R123: =VLOOKUP('22'!O123,Malzemeler!C:D,2,0) -> 0 | S123: =+R123*Q123 -> 0
B124: 22 | C124: sabit | D124: sabit | E124: sabit | F124: sabit | G124: sabit | H124: sabit | I124: sabit | J124: =SUBTOTAL(103,B124) -> 1 | L124: OTOMASYON | M124: 33 | N124: LIHCH KABLO 4X0,75 | O124: R12KBNKS4X075 | P124: Metre | Q124: 130 | R124: =VLOOKUP('22'!O124,Malzemeler!C:D,2,0) -> 0 | S124: =+R124*Q124 -> 0
B125: 22 | C125: sabit | D125: sabit | E125: sabit | F125: sabit | G125: sabit | H125: sabit | I125: sabit | J125: =SUBTOTAL(103,B125) -> 1 | L125: OTOMASYON | M125: 34 | N125: LIHCH KABLO 2X0,75 | O125: R12KBLIHCH2X0 | P125: Metre | Q125: 35 | R125: =VLOOKUP('22'!O125,Malzemeler!C:D,2,0) -> 0 | S125: =+R125*Q125 -> 0
A126: FİLTRE | B126: 22 | C126: sabit | D126: 49 | E126: 5 | F126: sabit | G126: sabit | H126: sabit | I126: sabit | J126: =SUBTOTAL(103,B126) -> 1 | L126: FİLTRE | M126: 1 | N126: PANEL FİLTRE M5 - 592-592-48 | O126: R17PM54610610 | P126: Adet | Q126: 2 | R126: =VLOOKUP('22'!O126,Malzemeler!C:D,2,0) -> 4.43 | S126: =+R126*Q126 -> 8.86
B127: 22 | C127: sabit | D127: 49 | E127: 5 | F127: sabit | G127: sabit | H127: sabit | I127: sabit | J127: =SUBTOTAL(103,B127) -> 1 | L127: FİLTRE | M127: 2 | N127: PANEL FİLTRE M5 - 287-592-48 | O127: R17PM54305610 | P127: Adet | Q127: 2 | R127: =VLOOKUP('22'!O127,Malzemeler!C:D,2,0) -> 3.04 | S127: =+R127*Q127 -> 6.08
B128: 22 | C128: sabit | D128: 49 | E128: 5 | F128: sabit | G128: sabit | H128: sabit | I128: sabit | J128: =SUBTOTAL(103,B128) -> 1 | L128: FİLTRE | M128: 3 | N128: TORBA FİLTRE F9 - 592-592-300 | O128: R17F9T5959300 | P128: Adet | Q128: 2 | R128: =VLOOKUP('22'!O128,Malzemeler!C:D,2,0) -> 6.91 | S128: =+R128*Q128 -> 13.82
B129: 22 | C129: sabit | D129: 49 | E129: 5 | F129: sabit | G129: sabit | H129: sabit | I129: sabit | J129: =SUBTOTAL(103,B129) -> 1 | L129: FİLTRE | M129: 4 | N129: TORBA FİLTRE F9 - 287-592-300 | O129: R17F9T2859300 | P129: Adet | Q129: 2 | R129: =VLOOKUP('22'!O129,Malzemeler!C:D,2,0) -> 4.47 | S129: =+R129*Q129 -> 8.94
B130: 22 | C130: sabit | D130: 49 | E130: 5 | F130: sabit | G130: sabit | H130: sabit | I130: sabit | J130: =SUBTOTAL(103,B130) -> 1 | L130: FİLTRE | M130: 5 | N130: PANEL FİLTRE G4 - 592-592-48 | O130: R17G4P5959048 | P130: Adet | Q130: 2 | R130: =VLOOKUP('22'!O130,Malzemeler!C:D,2,0) -> 4.55 | S130: =+R130*Q130 -> 9.1
B131: 22 | C131: sabit | D131: 49 | E131: 5 | F131: sabit | G131: sabit | H131: sabit | I131: sabit | J131: =SUBTOTAL(103,B131) -> 1 | L131: FİLTRE | M131: 6 | N131: PANEL FİLTRE G4 - 287-592-48 | O131: R17G4P2859048 | P131: Adet | Q131: 2 | R131: =VLOOKUP('22'!O131,Malzemeler!C:D,2,0) -> 2.96 | S131: =+R131*Q131 -> 5.92
B132: 22 | C132: sabit | D132: 47 | E132: 5 | F132: sabit | G132: sabit | H132: sabit | I132: sabit | J132: =SUBTOTAL(103,B132) -> 1 | L132: FİLTRE | M132: 1 | N132: PANEL FİLTRE M5 - 592-592-48 | O132: R17PM54610610 | P132: Adet | Q132: 2 | R132: =VLOOKUP('22'!O132,Malzemeler!C:D,2,0) -> 4.43 | S132: =+R132*Q132 -> 8.86
B133: 22 | C133: sabit | D133: 47 | E133: 5 | F133: sabit | G133: sabit | H133: sabit | I133: sabit | J133: =SUBTOTAL(103,B133) -> 1 | L133: FİLTRE | M133: 2 | N133: PANEL FİLTRE M5 - 287-592-48 | O133: R17PM54305610 | P133: Adet | Q133: 2 | R133: =VLOOKUP('22'!O133,Malzemeler!C:D,2,0) -> 3.04 | S133: =+R133*Q133 -> 6.08
B134: 22 | C134: sabit | D134: 47 | E134: 5 | F134: sabit | G134: sabit | H134: sabit | I134: sabit | J134: =SUBTOTAL(103,B134) -> 1 | L134: FİLTRE | M134: 3 | N134: F7 TORBA FİLTRE 592X592X300 GENERAL | O134: R17F75530000G | P134: Adet | Q134: 2 | R134: =VLOOKUP('22'!O134,Malzemeler!C:D,2,0) -> 7.15 | S134: =+R134*Q134 -> 14.3
B135: 22 | C135: sabit | D135: 47 | E135: 5 | F135: sabit | G135: sabit | H135: sabit | I135: sabit | J135: =SUBTOTAL(103,B135) -> 1 | L135: FİLTRE | M135: 4 | N135: F7 TORBA FİLTRE 287X592X300 GENERAL | O135: R17F72530000G | P135: Adet | Q135: 2 | R135: =VLOOKUP('22'!O135,Malzemeler!C:D,2,0) -> 4.37 | S135: =+R135*Q135 -> 8.74
B136: 22 | C136: sabit | D136: 47 | E136: 5 | F136: sabit | G136: sabit | H136: sabit | I136: sabit | J136: =SUBTOTAL(103,B136) -> 1 | L136: FİLTRE | M136: 5 | N136: PANEL FİLTRE G4 - 592-592-48 | O136: R17G4P5959048 | P136: Adet | Q136: 2 | R136: =VLOOKUP('22'!O136,Malzemeler!C:D,2,0) -> 4.55 | S136: =+R136*Q136 -> 9.1
B137: 22 | C137: sabit | D137: 47 | E137: 5 | F137: sabit | G137: sabit | H137: sabit | I137: sabit | J137: =SUBTOTAL(103,B137) -> 1 | L137: FİLTRE | M137: 6 | N137: PANEL FİLTRE G4 - 287-592-48 | O137: R17G4P2859048 | P137: Adet | Q137: 2 | R137: =VLOOKUP('22'!O137,Malzemeler!C:D,2,0) -> 2.96 | S137: =+R137*Q137 -> 5.92
B138: 22 | C138: sabit | D138: 5 | E138: 5 | F138: sabit | G138: sabit | H138: sabit | I138: sabit | J138: =SUBTOTAL(103,B138) -> 1 | L138: FİLTRE | M138: 1 | N138: PANEL FİLTRE M5 - 592-592-48 | O138: =VLOOKUP(N138,Malzemeler!B:C,2,) -> R17PM54610610 | P138: Adet | Q138: 4 | R138: =VLOOKUP('22'!O138,Malzemeler!C:D,2,0) -> 4.43 | S138: =+R138*Q138 -> 17.72
B139: 22 | C139: sabit | D139: 5 | E139: 5 | F139: sabit | G139: sabit | H139: sabit | I139: sabit | J139: =SUBTOTAL(103,B139) -> 1 | L139: FİLTRE | M139: 2 | N139: PANEL FİLTRE M5 - 287-592-48 | O139: =VLOOKUP(N139,Malzemeler!B:C,2,) -> R17PM54305610 | P139: Adet | Q139: 4 | R139: =VLOOKUP('22'!O139,Malzemeler!C:D,2,0) -> 3.04 | S139: =+R139*Q139 -> 12.16
A140: SOĞUTUCU BATARYA | B140: 22 | C140: R | D140: sabit | E140: sabit | F140: C | G140: sabit | H140: sabit | I140: sabit | J140: =SUBTOTAL(103,B140) -> 1 | L140: SOĞUTUCU BATARYA - SAĞ | M140: 1 | N140: HPL22SOG32x28-1/2CS26T4R1030A2.1P26NC | O140: R06HPL2200004 | P140: Adet | Q140: 1 | R140: =VLOOKUP('22'!O140,Malzemeler!C:D,2,0) -> 660 | S140: =+R140*Q140 -> 660
B141: 22 | C141: L | D141: sabit | E141: sabit | F141: C | G141: sabit | H141: sabit | I141: sabit | J141: =SUBTOTAL(103,B141) -> 1 | L141: SOĞUTUCU BATARYA - SOL | M141: 1 | N141: HPL22SOG32x28-1/2CS26T4R1030A2.1P26NC | O141: xxxx | P141: Adet | Q141: 1 | R141: =VLOOKUP('22'!O141,Malzemeler!C:D,2,0) -> #N/A | S141: =+R141*Q141 -> #N/A
B142: 22 | C142: sabit | D142: sabit | E142: sabit | F142: C | G142: sabit | H142: sabit | I142: sabit | J142: =SUBTOTAL(103,B142) -> 1 | L142: SOĞUTUCU BATARYA | M142: 2 | N142: R304016S3 3Y VANA GOVDESI, DN40, PN16 | O142: R27VG30403400 | P142: Adet | Q142: 1 | R142: =VLOOKUP('22'!O142,Malzemeler!C:D,2,0) -> 132.33 | S142: =+R142*Q142 -> 132.33
B143: 22 | C143: sabit | D143: sabit | E143: sabit | F143: C | G143: sabit | H143: sabit | I143: sabit | J143: =SUBTOTAL(103,B143) -> 1 | L143: SOĞUTUCU BATARYA | M143: 3 | N143: NR24A-SR Belimo Vana Gövdesi | O143: R27NR24ASR001 | P143: Adet | Q143: 1 | R143: =VLOOKUP('22'!O143,Malzemeler!C:D,2,0) -> 104.28 | S143: =+R143*Q143 -> 104.28
B144: 22 | C144: sabit | D144: sabit | E144: sabit | F144: C | G144: sabit | H144: sabit | I144: sabit | J144: =SUBTOTAL(103,B144) -> 1 | L144: SOĞUTUCU BATARYA | M144: 4 | N144: 30X30 GALVANİZ KUTU PROFİL | O144: R02KP13300000 | P144: Metre | Q144: 6.46 | R144: =VLOOKUP('22'!O144,Malzemeler!C:D,2,0) -> 1.27 | S144: =+R144*Q144 -> 8.2042
B145: 22 | C145: sabit | D145: sabit | E145: sabit | F145: C | G145: sabit | H145: sabit | I145: sabit | J145: =SUBTOTAL(103,B145) -> 1 | L145: SOĞUTUCU BATARYA | M145: 5 | N145: 30X50 GALVANİZ KUTU PROFİL | O145: R02KP13500000 | P145: Metre | Q145: 2.142 | R145: =VLOOKUP('22'!O145,Malzemeler!C:D,2,0) -> 1.74 | S145: =+R145*Q145 -> 3.72708
B146: 22 | C146: sabit | D146: sabit | E146: sabit | F146: C | G146: sabit | H146: sabit | I146: sabit | J146: =SUBTOTAL(103,B146) -> 1 | L146: SOĞUTUCU BATARYA | M146: 6 | N146: 30X60 GALVANİZ KUTU PROFİL | O146: R02KP13600000 | P146: Metre | Q146: 7.138 | R146: =VLOOKUP('22'!O146,Malzemeler!C:D,2,0) -> 1.95 | S146: =+R146*Q146 -> 13.9191
B147: 22 | C147: sabit | D147: sabit | E147: sabit | F147: C | G147: sabit | H147: sabit | I147: sabit | J147: =SUBTOTAL(103,B147) -> 1 | L147: SOĞUTUCU BATARYA | M147: 7 | N147: 0,9 MM 275 gr GALVANİZLİ SAC | O147: R01GL09000275 | P147: kg | Q147: 2.92 | R147: =VLOOKUP('22'!O147,Malzemeler!C:D,2,0) -> 0.87 | S147: =+R147*Q147 -> 2.5404
B148: 22 | C148: sabit | D148: sabit | E148: sabit | F148: C | G148: sabit | H148: sabit | I148: sabit | J148: =SUBTOTAL(103,B148) -> 1 | L148: SOĞUTUCU BATARYA | M148: 8 | N148: 1,2 MM 275 gr RAL7040 Ç.TARAF BOYALI SAC | O148: R01BY12704275 | P148: kg | Q148: 8.052 | R148: =VLOOKUP('22'!O148,Malzemeler!C:D,2,0) -> 1.13 | S148: =+R148*Q148 -> 9.09876
B149: 22 | C149: sabit | D149: sabit | E149: sabit | F149: C | G149: sabit | H149: sabit | I149: sabit | J149: =SUBTOTAL(103,B149) -> 1 | L149: SOĞUTUCU BATARYA | M149: 9 | N149: 1,0 MM 275 gr RAL 7040 BOYALI SAC | O149: R01BY17040275 | P149: kg | Q149: 46.034935 | R149: =VLOOKUP('22'!O149,Malzemeler!C:D,2,0) -> 0.98 | S149: =+R149*Q149 -> 45.114237
B150: 22 | C150: sabit | D150: sabit | E150: sabit | F150: C | G150: sabit | H150: sabit | I150: sabit | J150: =SUBTOTAL(103,B150) -> 1 | L150: SOĞUTUCU BATARYA | M150: 10 | N150: 30X30_KOSE_BAGLANTI | O150: R03KK03000000 | P150: Adet | Q150: 4 | R150: =VLOOKUP('22'!O150,Malzemeler!C:D,2,0) -> 0 | S150: =+R150*Q150 -> 0
B151: 22 | C151: sabit | D151: sabit | E151: sabit | F151: C | G151: sabit | H151: sabit | I151: sabit | J151: =SUBTOTAL(103,B151) -> 1 | L151: SOĞUTUCU BATARYA | M151: 11 | N151: 30X60_KOSE_BAGLANTI | O151: R03KK06000000 | P151: Adet | Q151: 4 | R151: =VLOOKUP('22'!O151,Malzemeler!C:D,2,0) -> 0 | S151: =+R151*Q151 -> 0
B152: 22 | C152: sabit | D152: sabit | E152: sabit | F152: C | G152: sabit | H152: sabit | I152: sabit | J152: =SUBTOTAL(103,B152) -> 1 | L152: SOĞUTUCU BATARYA | M152: 12 | N152: FL-NG Panel Çıtası Siyah | O152: R04NFLPVCPC0S | P152: Metre | Q152: 14.404 | R152: =VLOOKUP('22'!O152,Malzemeler!C:D,2,0) -> 1.12 | S152: =+R152*Q152 -> 16.13248
... B155: 22 | C155: sabit | D155: sabit | E155: sabit | F155: C | G155: sabit | H155: sabit | I155: sabit | J155: =SUBTOTAL(103,B155) -> 1 | L155: SOĞUTUCU BATARYA | M155: 15 | N155: Siyah Hijyenline Servis Çıtası (626979) | O155: R04CT01H0000S | P155: Metre | Q155: 2.552 | R155: =VLOOKUP('22'!O155,Malzemeler!C:D,2,0) -> 2.21 | S155: =+R155*Q155 -> 5.63992
A156: ÖN ISITICI | B156: 22 | C156: R | D156: sabit | E156: sabit | F156: sabit | G156: sabit | H156: 1 | I156: sabit | J156: =SUBTOTAL(103,B156) -> 1 | L156: ÖN ISITICI - SAĞ | M156: 1 | N156: ISITICI F 32x28-12 C S 26T 2R 1070A 3.2P 5NC | O156: - | P156: Adet | Q156: 1 | R156: =VLOOKUP('22'!O156,Malzemeler!C:D,2,0) -> 410 | S156: =+R156*Q156 -> 410
B157: 22 | C157: L | D157: sabit | E157: sabit | F157: sabit | G157: sabit | H157: 1 | I157: sabit | J157: =SUBTOTAL(103,B157) -> 1 | L157: ÖN ISITICI - SOL | M157: 1 | N157: ISITICI F 32x28-12 C S 26T 2R 1070A 3.2P 5NC | O157: =VLOOKUP(N157,Malzemeler!B:C,2,) -> - | P157: Adet | Q157: 1 | R157: =VLOOKUP('22'!O157,Malzemeler!C:D,2,0) -> 410 | S157: =+R157*Q157 -> 410
B158: 22 | C158: sabit | D158: sabit | E158: sabit | F158: sabit | G158: sabit | H158: 1 | I158: sabit | J158: =SUBTOTAL(103,B158) -> 1 | L158: ÖN ISITICI | M158: 2 | N158: R3020-4-S2 3 YOLLU VANA GÖVDESİ, DN20, PN16 | O158: R27VG30203200 | P158: Adet | Q158: 1 | R158: =VLOOKUP('22'!O158,Malzemeler!C:D,2,0) -> 60.72 | S158: =+R158*Q158 -> 60.72
B159: 22 | C159: sabit | D159: sabit | E159: sabit | F159: sabit | G159: sabit | H159: 1 | I159: sabit | J159: =SUBTOTAL(103,B159) -> 1 | L159: ÖN ISITICI | M159: 3 | N159: DCC-LR24A-SR | O159: R27000LR24ASR | P159: Adet | Q159: 1 | R159: =VLOOKUP('22'!O159,Malzemeler!C:D,2,0) -> 77.55 | S159: =+R159*Q159 -> 77.55
B160: 22 | C160: sabit | D160: sabit | E160: sabit | F160: sabit | G160: sabit | H160: 1 | I160: sabit | J160: =SUBTOTAL(103,B160) -> 1 | L160: ÖN ISITICI | M160: 4 | N160: QAE2130.010 | O160: R27QAE2130010 | P160: Adet | Q160: 1 | R160: =VLOOKUP('22'!O160,Malzemeler!C:D,2,0) -> 0 | S160: =+R160*Q160 -> 0
A161: TCP IP | B161: 22 | C161: sabit | D161: sabit | E161: sabit | F161: sabit | G161: sabit | H161: sabit | I161: 1 | J161: =SUBTOTAL(103,B161) -> 1 | L161: TCP IP | M161: 1 | N161: pCOweb SE, ethernet card IP protocols pco1000wd | O161: R278003303311 | P161: Adet | Q161: 1 | R161: =VLOOKUP('22'!O161,Malzemeler!C:D,2,0) -> 0 | S161: =+R161*Q161 -> 0

Sheet 32
B1: Model | C1: Yön | D1: Besleme Filtre | E1: Dönüş Filtre | F1: Soğutucu Batarya | G1: Dış Ortam | H1: Ön Isıtıcı | I1: TCP/IP | N1: HPL 32 | W1: M5/F9 FİLTRE
B2: 32 | C2: sabit | D2: sabit | E2: sabit | F2: sabit | G2: sabit | H2: sabit | I2: sabit | J2: =SUBTOTAL(103,B2) -> 1 | M2: No | N2: MALZEME ADI | O2: ERP KODU | P2: BİRİM | Q2: MİKTAR | R2: BİRİM FİYAT | S2: TOPLAM FİYAT
A3: MEKANİK | B3: 32 | C3: sabit | D3: sabit | E3: sabit | F3: sabit | G3: sabit | H3: sabit | I3: sabit | J3: =SUBTOTAL(103,B3) -> 1 | L3: MEKANİK | M3: 1 | N3: Kompresör ZP122KCE-TFD 7/8x11/8 | O3: R20KMZP122003 | P3: Adet | Q3: 1 | R3: =VLOOKUP('32'!O3,Malzemeler!C:D,2,0) -> 1444.06 | S3: =+R3*Q3 -> 1444.06
B4: 32 | C4: sabit | D4: sabit | E4: sabit | F4: sabit | G4: sabit | H4: sabit | I4: sabit | J4: =SUBTOTAL(103,B4) -> 1 | L4: MEKANİK | M4: 2 | N4: Copeland Karter Isıtıcı ID:8561105 | O4: R20KI08561105 | P4: Adet | Q4: 1 | R4: =VLOOKUP('32'!O4,Malzemeler!C:D,2,0) -> 40.7085 | S4: =+R4*Q4 -> 40.7085
B5: 32 | C5: sabit | D5: sabit | E5: sabit | F5: sabit | G5: sabit | H5: sabit | I5: sabit | J5: =SUBTOTAL(103,B5) -> 1 | L5: MEKANİK | M5: 3 | N5: Danfoss Drier DML305 5/8" 023Z0051 | O5: R20DML3055801 | P5: Adet | Q5: 1 | R5: =VLOOKUP('32'!O5,Malzemeler!C:D,2,0) -> 18.8 | S5: =+R5*Q5 -> 18.8
B6: 32 | C6: sabit | D6: sabit | E6: sabit | F6: sabit | G6: sabit | H6: sabit | I6: sabit | J6: =SUBTOTAL(103,B6) -> 1 | L6: MEKANİK | M6: 4 | N6: Danfoss Gözetleme Camı Kaynaklı SGP 16s N 5/8" 014L0145 | O6: R20SGP16SN580 | P6: Adet | Q6: 1 | R6: =VLOOKUP('32'!O6,Malzemeler!C:D,2,0) -> 14.5 | S6: =+R6*Q6 -> 14.5
B7: 32 | C7: sabit | D7: sabit | E7: sabit | F7: sabit | G7: sabit | H7: sabit | I7: sabit | J7: =SUBTOTAL(103,B7) -> 1 | L7: MEKANİK | M7: 5 | N7: Danfoss Küresel Vana GBC 16s 5/8" 009L7023 | O7: R20GBC1658723 | P7: Adet | Q7: 1 | R7: =VLOOKUP('32'!O7,Malzemeler!C:D,2,0) -> 19.5 | S7: =+R7*Q7 -> 19.5
B8: 32 | C8: sabit | D8: sabit | E8: sabit | F8: sabit | G8: sabit | H8: sabit | I8: sabit | J8: =SUBTOTAL(103,B8) -> 1 | L8: MEKANİK | M8: 6 | N8: GVN LİKİT TANKI VLR.A.30b.12.B4.C4.F4 | O8: R20LTVLR30124 | P8: Adet | Q8: 1 | R8: =VLOOKUP('32'!O8,Malzemeler!C:D,2,0) -> 0 | S8: =+R8*Q8 -> 0
B9: 32 | C9: sabit | D9: sabit | E9: sabit | F9: sabit | G9: sabit | H9: sabit | I9: sabit | J9: =SUBTOTAL(103,B9) -> 1 | L9: MEKANİK | M9: 7 | N9: BAKIR BORU Q16 (5/8'')-1 mm | O9: R20BBQ1600000 | P9: Adet | Q9: 2.1 | R9: =VLOOKUP('32'!O9,Malzemeler!C:D,2,0) -> 7.85 | S9: =+R9*Q9 -> 16.485
B10: 32 | C10: sabit | D10: sabit | E10: sabit | F10: sabit | G10: sabit | H10: sabit | I10: sabit | J10: =SUBTOTAL(103,B10) -> 1 | L10: MEKANİK | M10: 8 | N10: BAKIR BORU Q22 (7/8'')-1,5 mm | O10: R20BBQ2200000 | P10: Adet | Q10: 3.2 | R10: =VLOOKUP('32'!O10,Malzemeler!C:D,2,0) -> 16.15 | S10: =+R10*Q10 -> 51.68
B11: 32 | C11: sabit | D11: sabit | E11: sabit | F11: sabit | G11: sabit | H11: sabit | I11: sabit | J11: =SUBTOTAL(103,B11) -> 1 | L11: MEKANİK | M11: 9 | N11: BAKIR BORU Q28 (1 1/8'')-1,5 mm | O11: R20BBQ2800000 | P11: Adet | Q11: 2.2 | R11: =VLOOKUP('32'!O11,Malzemeler!C:D,2,0) -> 20.8 | S11: =+R11*Q11 -> 45.76
B12: 32 | C12: sabit | D12: sabit | E12: sabit | F12: sabit | G12: sabit | H12: sabit | I12: sabit | J12: =SUBTOTAL(103,B12) -> 1 | L12: MEKANİK | M12: 10 | N12: 5/8'' Bakır Dirsek | O12: R20BD58000000 | P12: Adet | Q12: 4 | R12: =VLOOKUP('32'!O12,Malzemeler!C:D,2,0) -> 0.3 | S12: =+R12*Q12 -> 1.2
B13: 32 | C13: sabit | D13: sabit | E13: sabit | F13: sabit | G13: sabit | H13: sabit | I13: sabit | J13: =SUBTOTAL(103,B13) -> 1 | L13: MEKANİK | M13: 11 | N13: 1 1/8 İzolasyon 9'luk | O13: R10IZ90280006 | P13: Metre | Q13: 2 | R13: =VLOOKUP('32'!O13,Malzemeler!C:D,2,0) -> 0.3 | S13: =+R13*Q13 -> 0.6
B14: 32 | C14: sabit | D14: sabit | E14: sabit | F14: sabit | G14: sabit | H14: sabit | I14: sabit | J14: =SUBTOTAL(103,B14) -> 1 | L14: MEKANİK | M14: 12 | N14: Gümüş KAYNAK TELİ | O14: R20GK30000000 | P14: Adet | Q14: 0.3 | R14: =VLOOKUP('32'!O14,Malzemeler!C:D,2,0) -> 1615.6 | S14: =+R14*Q14 -> 484.68
B15: 32 | C15: sabit | D15: sabit | E15: sabit | F15: sabit | G15: sabit | H15: sabit | I15: sabit | J15: =SUBTOTAL(103,B15) -> 1 | L15: MEKANİK | M15: 13 | N15: BAKIR KAYNAK TELİ | O15: R20BAKIRKT001 | P15: Adet | Q15: 0.4 | R15: =VLOOKUP('32'!O15,Malzemeler!C:D,2,0) -> 40 | S15: =+R15*Q15 -> 16
... B91: 32 | C91: sabit | D91: sabit | E91: sabit | F91: sabit | G91: sabit | H91: sabit | I91: sabit | J91: =SUBTOTAL(103,B91) -> 1 | L91: MEKANİK | M91: 86 | N91: MONTAJ İŞÇİLİK OVERHEAD | O91: HIZM000000010 | P91: Adet | Q91: 89.11 | R91: =VLOOKUP('32'!O91,Malzemeler!C:D,2,0) -> 0 | S91: =+R91*Q91 -> 0
A92: OTOMASYON | B92: 32 | C92: sabit | D92: sabit | E92: sabit | F92: sabit | G92: sabit | H92: sabit | I92: sabit | J92: =SUBTOTAL(103,B92) -> 1 | L92: OTOMASYON | M92: 1 | N92: REFNOX Alçak Basınç Swtich WPS-03L059/1,7G2,7G | O92: R27ABS00R1737 | P92: Adet | Q92: 1 | R92: =VLOOKUP('32'!O92,Malzemeler!C:D,2,0) -> 4.76 | S92: =+R92*Q92 -> 4.76
B93: 32 | C93: sabit | D93: sabit | E93: sabit | F93: sabit | G93: sabit | H93: sabit | I93: sabit | J93: =SUBTOTAL(103,B93) -> 1 | L93: OTOMASYON | M93: 2 | N93: REFNOX Yüksek Basınç Swtich WPS-03H059/42R33R | O93: R27YBS00R4232 | P93: Adet | Q93: 1 | R93: =VLOOKUP('32'!O93,Malzemeler!C:D,2,0) -> 4.76 | S93: =+R93*Q93 -> 4.76
B94: 32 | C94: sabit | D94: sabit | E94: sabit | F94: sabit | G94: sabit | H94: sabit | I94: sabit | J94: =SUBTOTAL(103,B94) -> 1 | L94: OTOMASYON | M94: 3 | N94: CAREL E2V30FSFC0 ELECTRONIC EXPANSION VALVE E2V30-F 12-12 ODF W/O STATOR | O94: R27CRLE2V3012 | P94: Adet | Q94: 1 | R94: =VLOOKUP('32'!O94,Malzemeler!C:D,2,0) -> 0 | S94: =+R94*Q94 -> 0
B95: 32 | C95: sabit | D95: sabit | E95: sabit | F95: sabit | G95: sabit | H95: sabit | I95: sabit | J95: =SUBTOTAL(103,B95) -> 1 | L95: OTOMASYON | M95: 4 | N95: CAREL E2VSTA0201 BIPOLAR STATOR FOR E2VB | O95: R27E2V0220100 | P95: Adet | Q95: 1 | R95: =VLOOKUP('32'!O95,Malzemeler!C:D,2,0) -> 40.53 | S95: =+R95*Q95 -> 40.53
B96: 32 | C96: sabit | D96: sabit | E96: sabit | F96: sabit | G96: sabit | H96: sabit | I96: sabit | J96: =SUBTOTAL(103,B96) -> 1 | L96: OTOMASYON | M96: 5 | N96: CAREL SPKT00B6P0 PRESS.TRASD.0-5V | O96: R27CL02250001 | P96: Adet | Q96: 1 | R96: =VLOOKUP('32'!O96,Malzemeler!C:D,2,0) -> 46.47 | S96: =+R96*Q96 -> 46.47
B97: 32 | C97: sabit | D97: sabit | E97: sabit | F97: sabit | G97: sabit | H97: sabit | I97: sabit | J97: =SUBTOTAL(103,B97) -> 1 | L97: OTOMASYON | M97: 6 | N97: Alçak Basınç Trans 0-5Vdc 0-17.3bar SPKT0043P0 | O97: R20SPKT0043R0 | P97: Adet | Q97: 1 | R97: =VLOOKUP('32'!O97,Malzemeler!C:D,2,0) -> 74.48 | S97: =+R97*Q97 -> 74.48
B98: 32 | C98: sabit | D98: sabit | E98: sabit | F98: sabit | G98: sabit | H98: sabit | I98: sabit | J98: =SUBTOTAL(103,B98) -> 1 | L98: OTOMASYON | M98: 7 | N98: CAREL P+500B0A000M0 PCO5+ MEDIUM, FB/BMS NO OPTO, NO USB | O98: R27CP50000000 | P98: Adet | Q98: 1 | R98: =VLOOKUP('32'!O98,Malzemeler!C:D,2,0) -> 675.52 | S98: =+R98*Q98 -> 675.52
B99: 32 | C99: sabit | D99: sabit | E99: sabit | F99: sabit | G99: sabit | H99: sabit | I99: sabit | J99: =SUBTOTAL(103,B99) -> 1 | L99: OTOMASYON | M99: 8 | N99: CAREL CONNECTOR P+50CON0M0 | O99: R27C050000000 | P99: Adet | Q99: 1 | R99: =VLOOKUP('32'!O99,Malzemeler!C:D,2,0) -> 23.17 | S99: =+R99*Q99 -> 23.17
B100: 32 | C100: sabit | D100: sabit | E100: sabit | F100: sabit | G100: sabit | H100: sabit | I100: sabit | J100: =SUBTOTAL(103,B100) -> 1 | L100: OTOMASYON | M100: 9 | N100: Ekran pGD1 PGD1000FW0 | O100: R27PGD1000FW0 | P100: Adet | Q100: 1 | R100: =VLOOKUP('32'!O100,Malzemeler!C:D,2,0) -> 130.16 | S100: =+R100*Q100 -> 130.16
B101: 32 | C101: sabit | D101: sabit | E101: sabit | F101: sabit | G101: sabit | H101: sabit | I101: sabit | J101: =SUBTOTAL(103,B101) -> 1 | L101: OTOMASYON | M101: 10 | N101: KabloS90CONN000 | O101: R27S90CONN000 | P101: Adet | Q101: 1 | R101: =VLOOKUP('32'!O101,Malzemeler!C:D,2,0) -> 130.16 | S101: =+R101*Q101 -> 130.16
B102: 32 | C102: sabit | D102: sabit | E102: sabit | F102: sabit | G102: sabit | H102: sabit | I102: sabit | J102: =SUBTOTAL(103,B102) -> 1 | L102: OTOMASYON | M102: 11 | N102: SPKC005310 (5MT) | O102: R27SPKC531000 | P102: Adet | Q102: 2 | R102: =VLOOKUP('32'!O102,Malzemeler!C:D,2,0) -> 4.73 | S102: =+R102*Q102 -> 9.46
B103: 32 | C103: sabit | D103: sabit | E103: sabit | F103: sabit | G103: sabit | H103: sabit | I103: sabit | J103: =SUBTOTAL(103,B103) -> 1 | L103: OTOMASYON | M103: 12 | N103: CAREL DPDC111000 DUCTSENSOR TEMP.-10T60GR.C. | O103: R27DP00200309 | P103: Adet | Q103: 2 | R103: =VLOOKUP('32'!O103,Malzemeler!C:D,2,0) -> 155.05 | S103: =+R103*Q103 -> 310.1
B104: 32 | C104: sabit | D104: sabit | E104: sabit | F104: sabit | G104: sabit | H104: sabit | I104: sabit | J104: =SUBTOTAL(103,B104) -> 1 | L104: OTOMASYON | M104: 13 | N104: CAREL EVD0000E41 EVD EVOLUTION FOR CAREL VALVES (PLAN) MULTIPLE PACKAGE (10) | O104: R27EVD0000041 | P104: Adet | Q104: 1 | R104: =VLOOKUP('32'!O104,Malzemeler!C:D,2,0) -> 238.61 | S104: =+R104*Q104 -> 238.61
... B124: 32 | C124: sabit | D124: sabit | E124: sabit | F124: sabit | G124: sabit | H124: sabit | I124: sabit | J124: =SUBTOTAL(103,B124) -> 1 | L124: OTOMASYON | M124: 34 | N124: LIHCH KABLO 2X0,75 | O124: R12KBLIHCH2X0 | P124: Metre | Q124: 35 | R124: =VLOOKUP('32'!O124,Malzemeler!C:D,2,0) -> 0 | S124: =+R124*Q124 -> 0
A125: FİLTRE | B125: 32 | C125: sabit | D125: 47 | E125: 5 | F125: sabit | G125: sabit | H125: sabit | I125: sabit | J125: =SUBTOTAL(103,B125) -> 1 | L125: FİLTRE | M125: 1 | N125: PANEL FİLTRE M5 - 592-592-48 | O125: R17PM54610610 | P125: Adet | Q125: 2 | R125: =VLOOKUP('32'!O125,Malzemeler!C:D,2,0) -> 4.43 | S125: =+R125*Q125 -> 8.86
B126: 32 | C126: sabit | D126: 47 | E126: 5 | F126: sabit | G126: sabit | H126: sabit | I126: sabit | J126: =SUBTOTAL(103,B126) -> 1 | L126: FİLTRE | M126: 2 | N126: PANEL FİLTRE M5 - 287-592-48 | O126: R17PM54305610 | P126: Adet | Q126: 3 | R126: =VLOOKUP('32'!O126,Malzemeler!C:D,2,0) -> 3.04 | S126: =+R126*Q126 -> 9.12
B127: 32 | C127: sabit | D127: 47 | E127: 5 | F127: sabit | G127: sabit | H127: sabit | I127: sabit | J127: =SUBTOTAL(103,B127) -> 1 | L127: FİLTRE | M127: 3 | N127: PANEL FİLTRE M5 - 287-287-48 | O127: R17PM54305305 | P127: Adet | Q127: 1 | R127: =VLOOKUP('32'!O127,Malzemeler!C:D,2,0) -> 2 | S127: =+R127*Q127 -> 2
B128: 32 | C128: sabit | D128: 47 | E128: 5 | F128: sabit | G128: sabit | H128: sabit | I128: sabit | J128: =SUBTOTAL(103,B128) -> 1 | L128: FİLTRE | M128: 4 | N128: PANEL FİLTRE G4 - 592-592-48 | O128: R17G4P5959048 | P128: Adet | Q128: 2 | R128: =VLOOKUP('32'!O128,Malzemeler!C:D,2,0) -> 4.55 | S128: =+R128*Q128 -> 9.1
B129: 32 | C129: sabit | D129: 47 | E129: 5 | F129: sabit | G129: sabit | H129: sabit | I129: sabit | J129: =SUBTOTAL(103,B129) -> 1 | L129: FİLTRE | M129: 5 | N129: PANEL FİLTRE G4 - 287-592-48 | O129: R17G4P2859048 | P129: Adet | Q129: 3 | R129: =VLOOKUP('32'!O129,Malzemeler!C:D,2,0) -> 2.96 | S129: =+R129*Q129 -> 8.88
B130: 32 | C130: sabit | D130: 47 | E130: 5 | F130: sabit | G130: sabit | H130: sabit | I130: sabit | J130: =SUBTOTAL(103,B130) -> 1 | L130: FİLTRE | M130: 6 | N130: PANEL FİLTRE G4 - 287-287-48 | O130: R17G4P2828048 | P130: Adet | Q130: 1 | R130: =VLOOKUP('32'!O130,Malzemeler!C:D,2,0) -> 2 | S130: =+R130*Q130 -> 2
B131: 32 | C131: sabit | D131: 47 | E131: 5 | F131: sabit | G131: sabit | H131: sabit | I131: sabit | J131: =SUBTOTAL(103,B131) -> 1 | L131: FİLTRE | M131: 7 | N131: F7 TORBA FİLTRE 592X592X300 GENERAL | O131: R17F75530000G | P131: Adet | Q131: 2 | R131: =VLOOKUP('32'!O131,Malzemeler!C:D,2,0) -> 7.15 | S131: =+R131*Q131 -> 14.3
B132: 32 | C132: sabit | D132: 47 | E132: 5 | F132: sabit | G132: sabit | H132: sabit | I132: sabit | J132: =SUBTOTAL(103,B132) -> 1 | L132: FİLTRE | M132: 8 | N132: F7 TORBA FİLTRE 287X592X300 GENERAL | O132: R17F72530000G | P132: Adet | Q132: 3 | R132: =VLOOKUP('32'!O132,Malzemeler!C:D,2,0) -> 4.37 | S132: =+R132*Q132 -> 13.11
B133: 32 | C133: sabit | D133: 47 | E133: 5 | F133: sabit | G133: sabit | H133: sabit | I133: sabit | J133: =SUBTOTAL(103,B133) -> 1 | L133: FİLTRE | M133: 9 | N133: F7 TORBA FİLTRE 287X287X300 GENERAL | O133: R17F72230000G | P133: Adet | Q133: 1 | R133: =VLOOKUP('32'!O133,Malzemeler!C:D,2,0) -> 3.3 | S133: =+R133*Q133 -> 3.3
B134: 32 | C134: sabit | D134: 5 | E134: 5 | F134: sabit | G134: sabit | H134: sabit | I134: sabit | J134: =SUBTOTAL(103,B134) -> 1 | L134: FİLTRE | M134: 1 | N134: PANEL FİLTRE M5 - 592-592-48 | O134: R17PM54610610 | P134: Adet | Q134: 4 | R134: =VLOOKUP('32'!O134,Malzemeler!C:D,2,0) -> 4.43 | S134: =+R134*Q134 -> 17.72
B135: 32 | C135: sabit | D135: 5 | E135: 5 | F135: sabit | G135: sabit | H135: sabit | I135: sabit | J135: =SUBTOTAL(103,B135) -> 1 | L135: FİLTRE | M135: 2 | N135: PANEL FİLTRE M5 - 287-592-48 | O135: R17PM54305610 | P135: Adet | Q135: 6 | R135: =VLOOKUP('32'!O135,Malzemeler!C:D,2,0) -> 3.04 | S135: =+R135*Q135 -> 18.24
B136: 32 | C136: sabit | D136: 5 | E136: 5 | F136: sabit | G136: sabit | H136: sabit | I136: sabit | J136: =SUBTOTAL(103,B136) -> 1 | L136: FİLTRE | M136: 3 | N136: PANEL FİLTRE M5 - 287-287-48 | O136: R17PM54305305 | P136: Adet | Q136: 2 | R136: =VLOOKUP('32'!O136,Malzemeler!C:D,2,0) -> 2 | S136: =+R136*Q136 -> 4
B137: 32 | C137: sabit | D137: 49 | E137: 5 | F137: sabit | G137: sabit | H137: sabit | I137: sabit | J137: =SUBTOTAL(103,B137) -> 1 | L137: FİLTRE | M137: 1 | N137: PANEL FİLTRE M5 - 592-592-48 | O137: R17PM54610610 | P137: Adet | Q137: 2 | R137: =VLOOKUP('32'!O137,Malzemeler!C:D,2,0) -> 4.43 | S137: =+R137*Q137 -> 8.86
... B145: 32 | C145: sabit | D145: 49 | E145: 5 | F145: sabit | G145: sabit | H145: sabit | I145: sabit | J145: =SUBTOTAL(103,B145) -> 1 | L145: FİLTRE | M145: 9 | N145: TORBA FİLTRE F9 - 287-287-300 | O145: R17F9T2828300 | P145: Adet | Q145: 1 | R145: =VLOOKUP('32'!O145,Malzemeler!C:D,2,0) -> 4 | S145: =+R145*Q145 -> 4
A146: SOĞUTUCU BATARYA | B146: 32 | C146: R | D146: sabit | E146: sabit | F146: C | G146: sabit | H146: sabit | I146: sabit | J146: =SUBTOTAL(103,B146) -> 1 | L146: SOĞUTUCU BATARYA - SAĞ | M146: 1 | N146: HPL32SOG32x28-1/2CS26T4R1320A2.1P26NC | O146: R06HPL3200004 | P146: Adet | Q146: 1 | R146: =VLOOKUP('32'!O146,Malzemeler!C:D,2,0) -> 825 | S146: =+R146*Q146 -> 825
B147: 32 | C147: L | D147: sabit | E147: sabit | F147: C | G147: sabit | H147: sabit | I147: sabit | J147: =SUBTOTAL(103,B147) -> 1 | L147: SOĞUTUCU BATARYA - SOL | M147: 1 | N147: HPL32SOG32x28-1/2CS26T4R1320A2.1P26NC | O147: xxxx | P147: Adet | Q147: 1 | R147: =VLOOKUP('32'!O147,Malzemeler!C:D,2,0) -> #N/A | S147: =+R147*Q147 -> #N/A
B148: 32 | C148: sabit | D148: sabit | E148: sabit | F148: C | G148: sabit | H148: sabit | I148: sabit | J148: =SUBTOTAL(103,B148) -> 1 | L148: SOĞUTUCU BATARYA - SAĞ | M148: 2 | N148: R3050-25-S4 3 YOLLU VANA GÖVDESİ, DN50 | O148: R27VG30203225 | P148: Adet | Q148: 1 | R148: =VLOOKUP('32'!O148,Malzemeler!C:D,2,0) -> 153.45 | S148: =+R148*Q148 -> 153.45
B149: 32 | C149: sabit | D149: sabit | E149: sabit | F149: C | G149: sabit | H149: sabit | I149: sabit | J149: =SUBTOTAL(103,B149) -> 1 | L149: SOĞUTUCU BATARYA - SAĞ | M149: 3 | N149: SR24A-SR Belimo Vana Gövdesi | O149: R27SR24ASR001 | P149: Adet | Q149: 1 | R149: =VLOOKUP('32'!O149,Malzemeler!C:D,2,0) -> 113.85 | S149: =+R149*Q149 -> 113.85
B150: 32 | C150: sabit | D150: sabit | E150: sabit | F150: C | G150: sabit | H150: sabit | I150: sabit | J150: =SUBTOTAL(103,B150) -> 1 | L150: SOĞUTUCU BATARYA - SAĞ | M150: 4 | N150: 30X30 GALVANİZ KUTU PROFİL | O150: R02KP13300000 | P150: Metre | Q150: 6.766 | R150: =VLOOKUP('32'!O150,Malzemeler!C:D,2,0) -> 1.27 | S150: =+R150*Q150 -> 8.59282
B151: 32 | C151: sabit | D151: sabit | E151: sabit | F151: C | G151: sabit | H151: sabit | I151: sabit | J151: =SUBTOTAL(103,B151) -> 1 | L151: SOĞUTUCU BATARYA - SAĞ | M151: 5 | N151: 30X50 GALVANİZ KUTU PROFİL | O151: R02KP13500000 | P151: Metre | Q151: 2.448 | R151: =VLOOKUP('32'!O151,Malzemeler!C:D,2,0) -> 1.74 | S151: =+R151*Q151 -> 4.25952
B152: 32 | C152: sabit | D152: sabit | E152: sabit | F152: C | G152: sabit | H152: sabit | I152: sabit | J152: =SUBTOTAL(103,B152) -> 1 | L152: SOĞUTUCU BATARYA - SAĞ | M152: 6 | N152: 30X60 GALVANİZ KUTU PROFİL | O152: R02KP13600000 | P152: Metre | Q152: 8.578 | R152: =VLOOKUP('32'!O152,Malzemeler!C:D,2,0) -> 1.95 | S152: =+R152*Q152 -> 16.7271
B153: 32 | C153: sabit | D153: sabit | E153: sabit | F153: C | G153: sabit | H153: sabit | I153: sabit | J153: =SUBTOTAL(103,B153) -> 1 | L153: SOĞUTUCU BATARYA - SAĞ | M153: 7 | N153: 0,9 MM 275 gr GALVANİZLİ SAC | O153: R01GL09000275 | P153: kg | Q153: 2.304 | R153: =VLOOKUP('32'!O153,Malzemeler!C:D,2,0) -> 0.87 | S153: =+R153*Q153 -> 2.00448
B154: 32 | C154: sabit | D154: sabit | E154: sabit | F154: C | G154: sabit | H154: sabit | I154: sabit | J154: =SUBTOTAL(103,B154) -> 1 | L154: SOĞUTUCU BATARYA - SAĞ | M154: 8 | N154: 1,2 MM 275 gr RAL7040 Ç.TARAF BOYALI SAC | O154: R01BY12704275 | P154: kg | Q154: 10.068 | R154: =VLOOKUP('32'!O154,Malzemeler!C:D,2,0) -> 1.13 | S154: =+R154*Q154 -> 11.37684
B155: 32 | C155: sabit | D155: sabit | E155: sabit | F155: C | G155: sabit | H155: sabit | I155: sabit | J155: =SUBTOTAL(103,B155) -> 1 | L155: SOĞUTUCU BATARYA - SAĞ | M155: 9 | N155: 1,0 MM 275 gr RAL 7040 BOYALI SAC | O155: R01BY17040275 | P155: kg | Q155: 96.258788 | R155: =VLOOKUP('32'!O155,Malzemeler!C:D,2,0) -> 0.98 | S155: =+R155*Q155 -> 94.333613
B156: 32 | C156: sabit | D156: sabit | E156: sabit | F156: C | G156: sabit | H156: sabit | I156: sabit | J156: =SUBTOTAL(103,B156) -> 1 | L156: SOĞUTUCU BATARYA - SAĞ | M156: 10 | N156: 30X30_KOSE_BAGLANTI | O156: R03KK03000000 | P156: Adet | Q156: 4 | R156: =VLOOKUP('32'!O156,Malzemeler!C:D,2,0) -> 0 | S156: =+R156*Q156 -> 0
B157: 32 | C157: sabit | D157: sabit | E157: sabit | F157: C | G157: sabit | H157: sabit | I157: sabit | J157: =SUBTOTAL(103,B157) -> 1 | L157: SOĞUTUCU BATARYA - SAĞ | M157: 11 | N157: 30X60_KOSE_BAGLANTI | O157: R03KK06000000 | P157: Adet | Q157: 4 | R157: =VLOOKUP('32'!O157,Malzemeler!C:D,2,0) -> 0 | S157: =+R157*Q157 -> 0
B158: 32 | C158: sabit | D158: sabit | E158: sabit | F158: C | G158: sabit | H158: sabit | I158: sabit | J158: =SUBTOTAL(103,B158) -> 1 | L158: SOĞUTUCU BATARYA - SAĞ | M158: 12 | N158: FL-NG Panel Çıtası Siyah | O158: R04NFLPVCPC0S | P158: Metre | Q158: 15.628 | R158: =VLOOKUP('32'!O158,Malzemeler!C:D,2,0) -> 1.12 | S158: =+R158*Q158 -> 17.50336
... B162: 32 | C162: sabit | D162: sabit | E162: sabit | F162: C | G162: sabit | H162: sabit | I162: sabit | J162: =SUBTOTAL(103,B162) -> 1 | L162: SOĞUTUCU BATARYA - SAĞ | M162: 16 | N162: Siyah Hijyenline Servis Çıtası (626979) | O162: R04CT01H0000S | P162: Metre | Q162: 2.552 | R162: =VLOOKUP('32'!O162,Malzemeler!C:D,2,0) -> 2.21 | S162: =+R162*Q162 -> 5.63992
A163: ÖN ISITICI | B163: 32 | C163: R | D163: sabit | E163: sabit | F163: sabit | G163: sabit | H163: 1 | I163: sabit | J163: =SUBTOTAL(103,B163) -> 1 | L163: ÖN ISITICI - SAĞ | M163: 1 | N163: ISITICI F 32x28-12 C S 26T 2R 1360A 3.2P 8NC | O163: - | P163: Adet | Q163: 1 | R163: =VLOOKUP('32'!O163,Malzemeler!C:D,2,0) -> 410 | S163: =+R163*Q163 -> 410
B164: 32 | C164: L | D164: sabit | E164: sabit | F164: sabit | G164: sabit | H164: 1 | I164: sabit | J164: =SUBTOTAL(103,B164) -> 1 | L164: ÖN ISITICI - SOL | M164: 1 | N164: ISITICI F 32x28-12 C S 26T 2R 1360A 3.2P 8NC | O164: xxx | P164: Adet | Q164: 1 | R164: =VLOOKUP('32'!O164,Malzemeler!C:D,2,0) -> #N/A | S164: =+R164*Q164 -> #N/A
B165: 32 | C165: sabit | D165: sabit | E165: sabit | F165: sabit | G165: sabit | H165: 1 | I165: sabit | J165: =SUBTOTAL(103,B165) -> 1 | L165: ÖN ISITICI - SAĞ | M165: 2 | N165: R3025-6P3-S2 3 YOLLU VANA GÖVDESİ, DN25, PN16 | O165: R27VG30253250 | P165: Adet | Q165: 1 | R165: =VLOOKUP('32'!O165,Malzemeler!C:D,2,0) -> 75.9 | S165: =+R165*Q165 -> 75.9
B166: 32 | C166: sabit | D166: sabit | E166: sabit | F166: sabit | G166: sabit | H166: 1 | I166: sabit | J166: =SUBTOTAL(103,B166) -> 1 | L166: ÖN ISITICI - SAĞ | M166: 3 | N166: DCC-LR24A-SR | O166: R27000LR24ASR | P166: Adet | Q166: 1 | R166: =VLOOKUP('32'!O166,Malzemeler!C:D,2,0) -> 77.55 | S166: =+R166*Q166 -> 77.55
B167: 32 | C167: sabit | D167: sabit | E167: sabit | F167: sabit | G167: sabit | H167: 1 | I167: sabit | J167: =SUBTOTAL(103,B167) -> 1 | L167: ÖN ISITICI - SAĞ | M167: 4 | N167: QAE2130.010 | O167: R27QAE2130010 | P167: Adet | Q167: 1 | R167: =VLOOKUP('32'!O167,Malzemeler!C:D,2,0) -> 0 | S167: =+R167*Q167 -> 0
A168: TCP IP | B168: 32 | C168: sabit | D168: sabit | E168: sabit | F168: sabit | G168: sabit | H168: sabit | I168: 1 | J168: =SUBTOTAL(103,B168) -> 1 | L168: TCP IP | M168: 1 | N168: pCOweb SE, ethernet card IP protocols pco1000wd | O168: R278003303311 | P168: Adet | Q168: 1 | R168: =VLOOKUP('32'!O168,Malzemeler!C:D,2,0) -> 0 | S168: =+R168*Q168 -> 0

Sheet 42
B1: Model | C1: Yön | D1: Besleme Filtre | E1: Dönüş Filtre | F1: Soğutucu Batarya | G1: Dış Ortam | H1: Ön Isıtıcı | I1: TCP/IP | N1: HPL42
B2: 42 | C2: sabit | D2: sabit | E2: sabit | F2: sabit | G2: sabit | H2: sabit | I2: sabit | J2: =SUBTOTAL(103,B2) -> 1 | M2: No | N2: MALZEME ADI | O2: ERP KODU | P2: BİRİM | Q2: MİKTAR | R2: BİRİM FİYAT | S2: TOPLAM FİYAT
A3: MEKANİK | B3: 42 | C3: sabit | D3: sabit | E3: sabit | F3: sabit | G3: sabit | H3: sabit | I3: sabit | J3: =SUBTOTAL(103,B3) -> 1 | L3: MEKANİK | M3: 1 | N3: Kompresör ZP182KCE-TFD 7/8x13/8 | O3: R20KMZP182004 | P3: Adet | Q3: 1 | R3: =VLOOKUP('42'!O3,Malzemeler!C:D,2,0) -> 1526.45 | S3: =+R3*Q3 -> 1526.45
B4: 42 | C4: sabit | D4: sabit | E4: sabit | F4: sabit | G4: sabit | H4: sabit | I4: sabit | J4: =SUBTOTAL(103,B4) -> 1 | L4: MEKANİK | M4: 2 | N4: Copeland Karter Isıtıcı ID:8622731 | O4: R20KI86227331 | P4: Adet | Q4: 1 | R4: =VLOOKUP('42'!O4,Malzemeler!C:D,2,0) -> 45.9165 | S4: =+R4*Q4 -> 45.9165
B5: 42 | C5: sabit | D5: sabit | E5: sabit | F5: sabit | G5: sabit | H5: sabit | I5: sabit | J5: =SUBTOTAL(103,B5) -> 1 | L5: MEKANİK | M5: 3 | N5: Danfoss Drier DML306 3/4" 023Z0193 | O5: R20DML3063401 | P5: Adet | Q5: 1 | R5: =VLOOKUP('42'!O5,Malzemeler!C:D,2,0) -> 18.8 | S5: =+R5*Q5 -> 18.8
B6: 42 | C6: sabit | D6: sabit | E6: sabit | F6: sabit | G6: sabit | H6: sabit | I6: sabit | J6: =SUBTOTAL(103,B6) -> 1 | L6: MEKANİK | M6: 4 | N6: Danfoss Gözetleme Camı Kaynaklı SGP 19s N 3/4" 014L0185 | O6: R20SGP19SN340 | P6: Adet | Q6: 1 | R6: =VLOOKUP('42'!O6,Malzemeler!C:D,2,0) -> 25.5 | S6: =+R6*Q6 -> 25.5
B7: 42 | C7: sabit | D7: sabit | E7: sabit | F7: sabit | G7: sabit | H7: sabit | I7: sabit | J7: =SUBTOTAL(103,B7) -> 1 | L7: MEKANİK | M7: 5 | N7: Danfoss Küresel Vana GBC 22s 7/8" 009L7025 | O7: R20GBC2278725 | P7: Adet | Q7: 1 | R7: =VLOOKUP('42'!O7,Malzemeler!C:D,2,0) -> 26.2 | S7: =+R7*Q7 -> 26.2
B8: 42 | C8: sabit | D8: sabit | E8: sabit | F8: sabit | G8: sabit | H8: sabit | I8: sabit | J8: =SUBTOTAL(103,B8) -> 1 | L8: MEKANİK | M8: 6 | N8: GVN LİKİT TANKI VLR.A.30b.16.B4.C4.F4 | O8: R20LTVLR30164 | P8: Adet | Q8: 1 | R8: =VLOOKUP('42'!O8,Malzemeler!C:D,2,0) -> 0 | S8: =+R8*Q8 -> 0
B9: 42 | C9: sabit | D9: sabit | E9: sabit | F9: sabit | G9: sabit | H9: sabit | I9: sabit | J9: =SUBTOTAL(103,B9) -> 1 | L9: MEKANİK | M9: 7 | N9: BAKIR Q19 Boru (3/4") -1 mm | O9: R20BBQ1900000 | P9: Adet | Q9: 3 | R9: =VLOOKUP('42'!O9,Malzemeler!C:D,2,0) -> 9.65 | S9: =+R9*Q9 -> 28.95
B10: 42 | C10: sabit | D10: sabit | E10: sabit | F10: sabit | G10: sabit | H10: sabit | I10: sabit | J10: =SUBTOTAL(103,B10) -> 1 | L10: MEKANİK | M10: 8 | N10: BAKIR BORU Q22 (7/8'')-1,5 mm | O10: R20BBQ2200000 | P10: Adet | Q10: 3 | R10: =VLOOKUP('42'!O10,Malzemeler!C:D,2,0) -> 16.15 | S10: =+R10*Q10 -> 48.45
B11: 42 | C11: sabit | D11: sabit | E11: sabit | F11: sabit | G11: sabit | H11: sabit | I11: sabit | J11: =SUBTOTAL(103,B11) -> 1 | L11: MEKANİK | M11: 9 | N11: BAKIR BORU Q35 (1 3/8")-1,5 MM | O11: R20BBQ3500000 | P11: Adet | Q11: 3 | R11: =VLOOKUP('42'!O11,Malzemeler!C:D,2,0) -> 26.5 | S11: =+R11*Q11 -> 79.5
B12: 42 | C12: sabit | D12: sabit | E12: sabit | F12: sabit | G12: sabit | H12: sabit | I12: sabit | J12: =SUBTOTAL(103,B12) -> 1 | L12: MEKANİK | M12: 10 | N12: 5/8'' Bakır Dirsek | O12: R20BD58000000 | P12: Adet | Q12: 4 | R12: =VLOOKUP('42'!O12,Malzemeler!C:D,2,0) -> 0.3 | S12: =+R12*Q12 -> 1.2
B13: 42 | C13: sabit | D13: sabit | E13: sabit | F13: sabit | G13: sabit | H13: sabit | I13: sabit | J13: =SUBTOTAL(103,B13) -> 1 | L13: MEKANİK | M13: 11 | N13: BAKIR REDÜKSİYON 28X16 | O13: R20BR28X16000 | P13: Adet | Q13: 2 | R13: =VLOOKUP('42'!O13,Malzemeler!C:D,2,0) -> 0.6 | S13: =+R13*Q13 -> 1.2
B14: 42 | C14: sabit | D14: sabit | E14: sabit | F14: sabit | G14: sabit | H14: sabit | I14: sabit | J14: =SUBTOTAL(103,B14) -> 1 | L14: MEKANİK | M14: 12 | N14: BAKIR REDÜKSİYON 35X28 | O14: R20BR35X28000 | P14: Adet | Q14: 1 | R14: =VLOOKUP('42'!O14,Malzemeler!C:D,2,0) -> 1.65 | S14: =+R14*Q14 -> 1.65
B15: 42 | C15: sabit | D15: sabit | E15: sabit | F15: sabit | G15: sabit | H15: sabit | I15: sabit | J15: =SUBTOTAL(103,B15) -> 1 | L15: MEKANİK | M15: 13 | N15: 1 3/8 Izolasyon 9luk | O15: R10IZ90280007 | P15: Metre | Q15: 5 | R15: =VLOOKUP('42'!O15,Malzemeler!C:D,2,0) -> 0 | S15: =+R15*Q15 -> 0
... B92: 42 | C92: sabit | D92: sabit | E92: sabit | F92: sabit | G92: sabit | H92: sabit | I92: sabit | J92: =SUBTOTAL(103,B92) -> 1 | L92: MEKANİK | M92: 87 | N92: MONTAJ İŞÇİLİK OVERHEAD | O92: HIZM000000010 | P92: Adet | Q92: 89.11 | R92: =VLOOKUP('42'!O92,Malzemeler!C:D,2,0) -> 0 | S92: =+R92*Q92 -> 0
A93: OTOMASYON | B93: 42 | C93: sabit | D93: sabit | E93: sabit | F93: sabit | G93: sabit | H93: sabit | I93: sabit | J93: =SUBTOTAL(103,B93) -> 1 | L93: OTOMASYON | M93: 1 | N93: REFNOX Alçak Basınç Swtich WPS-03L059/1,7G2,7G | O93: R27ABS00R1737 | P93: Adet | Q93: 1 | R93: =VLOOKUP('42'!O93,Malzemeler!C:D,2,0) -> 4.76 | S93: =+R93*Q93 -> 4.76
B94: 42 | C94: sabit | D94: sabit | E94: sabit | F94: sabit | G94: sabit | H94: sabit | I94: sabit | J94: =SUBTOTAL(103,B94) -> 1 | L94: OTOMASYON | M94: 2 | N94: REFNOX Yüksek Basınç Swtich WPS-03H059/42R33R | O94: R27YBS00R4232 | P94: Adet | Q94: 1 | R94: =VLOOKUP('42'!O94,Malzemeler!C:D,2,0) -> 4.76 | S94: =+R94*Q94 -> 4.76
B95: 42 | C95: sabit | D95: sabit | E95: sabit | F95: sabit | G95: sabit | H95: sabit | I95: sabit | J95: =SUBTOTAL(103,B95) -> 1 | L95: OTOMASYON | M95: 3 | N95: CAREL E2V35FSMC0 ELECTRONIC EXPANSION VALVE E2V35-F 16-16 (5/8"-5/8") ODF W/O STATOR | O95: R27CRLE2V3516 | P95: Adet | Q95: 1 | R95: =VLOOKUP('42'!O95,Malzemeler!C:D,2,0) -> 0 | S95: =+R95*Q95 -> 0
B96: 42 | C96: sabit | D96: sabit | E96: sabit | F96: sabit | G96: sabit | H96: sabit | I96: sabit | J96: =SUBTOTAL(103,B96) -> 1 | L96: OTOMASYON | M96: 4 | N96: CAREL E2VSTA0201 BIPOLAR STATOR FOR E2VB | O96: R27E2V0220100 | P96: Adet | Q96: 1 | R96: =VLOOKUP('42'!O96,Malzemeler!C:D,2,0) -> 40.53 | S96: =+R96*Q96 -> 40.53
B97: 42 | C97: sabit | D97: sabit | E97: sabit | F97: sabit | G97: sabit | H97: sabit | I97: sabit | J97: =SUBTOTAL(103,B97) -> 1 | L97: OTOMASYON | M97: 5 | N97: CAREL SPKT00B6P0 PRESS.TRASD.0-5V | O97: R27CL02250001 | P97: Adet | Q97: 1 | R97: =VLOOKUP('42'!O97,Malzemeler!C:D,2,0) -> 46.47 | S97: =+R97*Q97 -> 46.47
B98: 42 | C98: sabit | D98: sabit | E98: sabit | F98: sabit | G98: sabit | H98: sabit | I98: sabit | J98: =SUBTOTAL(103,B98) -> 1 | L98: OTOMASYON | M98: 6 | N98: Alçak Basınç Trans 0-5Vdc 0-17.3bar SPKT0043P0 | O98: R20SPKT0043R0 | P98: Adet | Q98: 1 | R98: =VLOOKUP('42'!O98,Malzemeler!C:D,2,0) -> 74.48 | S98: =+R98*Q98 -> 74.48
B99: 42 | C99: sabit | D99: sabit | E99: sabit | F99: sabit | G99: sabit | H99: sabit | I99: sabit | J99: =SUBTOTAL(103,B99) -> 1 | L99: OTOMASYON | M99: 7 | N99: CAREL P+500B0A000M0 PCO5+ MEDIUM, FB/BMS NO OPTO, NO USB | O99: R27CP50000000 | P99: Adet | Q99: 1 | R99: =VLOOKUP('42'!O99,Malzemeler!C:D,2,0) -> 675.52 | S99: =+R99*Q99 -> 675.52
B100: 42 | C100: sabit | D100: sabit | E100: sabit | F100: sabit | G100: sabit | H100: sabit | I100: sabit | J100: =SUBTOTAL(103,B100) -> 1 | L100: OTOMASYON | M100: 8 | N100: CAREL CONNECTOR P+50CON0M0 | O100: R27C050000000 | P100: Adet | Q100: 1 | R100: =VLOOKUP('42'!O100,Malzemeler!C:D,2,0) -> 23.17 | S100: =+R100*Q100 -> 23.17
B101: 42 | C101: sabit | D101: sabit | E101: sabit | F101: sabit | G101: sabit | H101: sabit | I101: sabit | J101: =SUBTOTAL(103,B101) -> 1 | L101: OTOMASYON | M101: 9 | N101: Ekran pGD1 PGD1000FW0 | O101: R27PGD1000FW0 | P101: Adet | Q101: 1 | R101: =VLOOKUP('42'!O101,Malzemeler!C:D,2,0) -> 130.16 | S101: =+R101*Q101 -> 130.16
B102: 42 | C102: sabit | D102: sabit | E102: sabit | F102: sabit | G102: sabit | H102: sabit | I102: sabit | J102: =SUBTOTAL(103,B102) -> 1 | L102: OTOMASYON | M102: 10 | N102: KabloS90CONN000 | O102: R27S90CONN000 | P102: Adet | Q102: 1 | R102: =VLOOKUP('42'!O102,Malzemeler!C:D,2,0) -> 130.16 | S102: =+R102*Q102 -> 130.16
B103: 42 | C103: sabit | D103: sabit | E103: sabit | F103: sabit | G103: sabit | H103: sabit | I103: sabit | J103: =SUBTOTAL(103,B103) -> 1 | L103: OTOMASYON | M103: 11 | N103: SPKC005310 (5MT) | O103: R27SPKC531000 | P103: Adet | Q103: 2 | R103: =VLOOKUP('42'!O103,Malzemeler!C:D,2,0) -> 4.73 | S103: =+R103*Q103 -> 9.46
B104: 42 | C104: sabit | D104: sabit | E104: sabit | F104: sabit | G104: sabit | H104: sabit | I104: sabit | J104: =SUBTOTAL(103,B104) -> 1 | L104: OTOMASYON | M104: 12 | N104: CAREL DPDC111000 DUCTSENSOR TEMP.-10T60GR.C. | O104: R27DP00200309 | P104: Adet | Q104: 2 | R104: =VLOOKUP('42'!O104,Malzemeler!C:D,2,0) -> 155.05 | S104: =+R104*Q104 -> 310.1
B105: 42 | C105: sabit | D105: sabit | E105: sabit | F105: sabit | G105: sabit | H105: sabit | I105: sabit | J105: =SUBTOTAL(103,B105) -> 1 | L105: OTOMASYON | M105: 13 | N105: CAREL EVD0000E41 EVD EVOLUTION FOR CAREL VALVES (PLAN) MULTIPLE PACKAGE (10) | O105: R27EVD0000041 | P105: Adet | Q105: 1 | R105: =VLOOKUP('42'!O105,Malzemeler!C:D,2,0) -> 238.61 | S105: =+R105*Q105 -> 238.61
... B127: 42 | C127: sabit | D127: sabit | E127: sabit | F127: sabit | G127: sabit | H127: sabit | I127: sabit | J127: =SUBTOTAL(103,B127) -> 1 | L127: OTOMASYON | M127: 35 | N127: LIHCH KABLO 2X0,75 | O127: R12KBLIHCH2X0 | P127: Metre | Q127: 35 | R127: =VLOOKUP('42'!O127,Malzemeler!C:D,2,0) -> 0 | S127: =+R127*Q127 -> 0
A128: FİLTRE | B128: 42 | C128: sabit | D128: 47 | E128: sabit | F128: sabit | G128: sabit | H128: sabit | I128: sabit | J128: =SUBTOTAL(103,B128) -> 1 | L128: FİLTRE | M128: 1 | N128: PANEL FİLTRE M5 - 592-592-48 | O128: R17PM54610610 | P128: Adet | Q128: 3 | R128: =VLOOKUP('42'!O128,Malzemeler!C:D,2,0) -> 4.43 | S128: =+R128*Q128 -> 13.29
B129: 42 | C129: sabit | D129: 47 | E129: 5 | F129: sabit | G129: sabit | H129: sabit | I129: sabit | J129: =SUBTOTAL(103,B129) -> 1 | L129: FİLTRE | M129: 2 | N129: PANEL FİLTRE M5 - 287-592-48 | O129: R17PM54305610 | P129: Adet | Q129: 3 | R129: =VLOOKUP('42'!O129,Malzemeler!C:D,2,0) -> 3.04 | S129: =+R129*Q129 -> 9.12
B130: 42 | C130: sabit | D130: 47 | E130: 5 | F130: sabit | G130: sabit | H130: sabit | I130: sabit | J130: =SUBTOTAL(103,B130) -> 1 | L130: FİLTRE | M130: 3 | N130: F7 TORBA FİLTRE 592X592X300 GENERAL | O130: R17F75530000G | P130: Adet | Q130: 3 | R130: =VLOOKUP('42'!O130,Malzemeler!C:D,2,0) -> 7.15 | S130: =+R130*Q130 -> 21.45
B131: 42 | C131: sabit | D131: 47 | E131: 5 | F131: sabit | G131: sabit | H131: sabit | I131: sabit | J131: =SUBTOTAL(103,B131) -> 1 | L131: FİLTRE | M131: 4 | N131: F7 TORBA FİLTRE 287X592X300 GENERAL | O131: R17F72530000G | P131: Adet | Q131: 3 | R131: =VLOOKUP('42'!O131,Malzemeler!C:D,2,0) -> 4.37 | S131: =+R131*Q131 -> 13.11
B132: 42 | C132: sabit | D132: 47 | E132: 5 | F132: sabit | G132: sabit | H132: sabit | I132: sabit | J132: =SUBTOTAL(103,B132) -> 1 | L132: FİLTRE | M132: 5 | N132: PANEL FİLTRE G4 - 592-592-48 | O132: R17G4P5959048 | P132: Adet | Q132: 3 | R132: =VLOOKUP('42'!O132,Malzemeler!C:D,2,0) -> 4.55 | S132: =+R132*Q132 -> 13.65
B133: 42 | C133: sabit | D133: 47 | E133: 5 | F133: sabit | G133: sabit | H133: sabit | I133: sabit | J133: =SUBTOTAL(103,B133) -> 1 | L133: FİLTRE | M133: 6 | N133: PANEL FİLTRE G4 - 287-592-48 | O133: R17G4P2859048 | P133: Adet | Q133: 3 | R133: =VLOOKUP('42'!O133,Malzemeler!C:D,2,0) -> 2.96 | S133: =+R133*Q133 -> 8.88
B134: 42 | C134: sabit | D134: 49 | E134: 5 | F134: sabit | G134: sabit | H134: sabit | I134: sabit | J134: =SUBTOTAL(103,B134) -> 1 | L134: FİLTRE | M134: 1 | N134: PANEL FİLTRE M5 - 592-592-48 | O134: R17PM54610610 | P134: Adet | Q134: 3 | R134: =VLOOKUP('42'!O134,Malzemeler!C:D,2,0) -> 4.43 | S134: =+R134*Q134 -> 13.29
B135: 42 | C135: sabit | D135: 49 | E135: 5 | F135: sabit | G135: sabit | H135: sabit | I135: sabit | J135: =SUBTOTAL(103,B135) -> 1 | L135: FİLTRE | M135: 2 | N135: PANEL FİLTRE M5 - 287-592-48 | O135: R17PM54305610 | P135: Adet | Q135: 3 | R135: =VLOOKUP('42'!O135,Malzemeler!C:D,2,0) -> 3.04 | S135: =+R135*Q135 -> 9.12
B136: 42 | C136: sabit | D136: 49 | E136: 5 | F136: sabit | G136: sabit | H136: sabit | I136: sabit | J136: =SUBTOTAL(103,B136) -> 1 | L136: FİLTRE | M136: 3 | N136: TORBA FİLTRE F9 - 592-592-300 | O136: R17F9T5959300 | P136: Adet | Q136: 3 | R136: =VLOOKUP('42'!O136,Malzemeler!C:D,2,0) -> 6.91 | S136: =+R136*Q136 -> 20.73
B137: 42 | C137: sabit | D137: 49 | E137: 5 | F137: sabit | G137: sabit | H137: sabit | I137: sabit | J137: =SUBTOTAL(103,B137) -> 1 | L137: FİLTRE | M137: 4 | N137: TORBA FİLTRE F9 - 287-592-300 | O137: R17F9T2859300 | P137: Adet | Q137: 3 | R137: =VLOOKUP('42'!O137,Malzemeler!C:D,2,0) -> 4.47 | S137: =+R137*Q137 -> 13.41
B138: 42 | C138: sabit | D138: 49 | E138: 5 | F138: sabit | G138: sabit | H138: sabit | I138: sabit | J138: =SUBTOTAL(103,B138) -> 1 | L138: FİLTRE | M138: 5 | N138: PANEL FİLTRE G4 - 592-592-48 | O138: R17G4P5959048 | P138: Adet | Q138: 3 | R138: =VLOOKUP('42'!O138,Malzemeler!C:D,2,0) -> 4.55 | S138: =+R138*Q138 -> 13.65
B139: 42 | C139: sabit | D139: 49 | E139: 5 | F139: sabit | G139: sabit | H139: sabit | I139: sabit | J139: =SUBTOTAL(103,B139) -> 1 | L139: FİLTRE | M139: 6 | N139: PANEL FİLTRE G4 - 287-592-48 | O139: R17G4P2859048 | P139: Adet | Q139: 3 | R139: =VLOOKUP('42'!O139,Malzemeler!C:D,2,0) -> 2.96 | S139: =+R139*Q139 -> 8.88
B140: 42 | C140: sabit | D140: 5 | E140: 5 | F140: sabit | G140: sabit | H140: sabit | I140: sabit | J140: =SUBTOTAL(103,B140) -> 1 | L140: FİLTRE | M140: 1 | N140: PANEL FİLTRE M5 - 592-592-48 | O140: R17PM54610610 | P140: Adet | Q140: 6 | R140: =VLOOKUP('42'!O140,Malzemeler!C:D,2,0) -> 4.43 | S140: =+R140*Q140 -> 26.58
B141: 42 | C141: sabit | D141: 5 | E141: 5 | F141: sabit | G141: sabit | H141: sabit | I141: sabit | J141: =SUBTOTAL(103,B141) -> 1 | L141: FİLTRE | M141: 2 | N141: PANEL FİLTRE M5 - 287-592-48 | O141: R17PM54305610 | P141: Adet | Q141: 6 | R141: =VLOOKUP('42'!O141,Malzemeler!C:D,2,0) -> 3.04 | S141: =+R141*Q141 -> 18.24
A142: SOĞUTUCU BATARYA | B142: 42 | C142: R | D142: sabit | E142: sabit | F142: C | G142: sabit | H142: sabit | I142: sabit | J142: =SUBTOTAL(103,B142) -> 1 | L142: SOĞUTUCU BATARYA - SAĞ | M142: 1 | N142: HPL42SOG F 32x28-12 C S 26T 4R 1620A 2.1P 36NC | O142: - | P142: Adet | Q142: 1 | R142: =VLOOKUP('42'!O142,Malzemeler!C:D,2,0) -> 410 | S142: =+R142*Q142 -> 410
B143: 42 | C143: L | D143: sabit | E143: sabit | F143: C | G143: sabit | H143: sabit | I143: sabit | J143: =SUBTOTAL(103,B143) -> 1 | L143: SOĞUTUCU BATARYA - SOL | M143: 1 | N143: HPL42SOG F 32x28-12 C S 26T 4R 1620A 2.1P 36NC | O143: =VLOOKUP(N143,Malzemeler!B:C,2,) -> - | P143: Adet | Q143: 1 | R143: =VLOOKUP('42'!O143,Malzemeler!C:D,2,0) -> 410 | S143: =+R143*Q143 -> 410
B144: 42 | C144: sabit | D144: sabit | E144: sabit | F144: C | G144: sabit | H144: sabit | I144: sabit | J144: =SUBTOTAL(103,B144) -> 1 | L144: SOĞUTUCU BATARYA | M144: 2 | N144: R3050-40-S4 3 YOLLU VANA GÖVDESİ, DN50 | O144: R27VG30203210 | P144: Adet | Q144: 1 | R144: =VLOOKUP('42'!O144,Malzemeler!C:D,2,0) -> 214.5 | S144: =+R144*Q144 -> 214.5
B145: 42 | C145: sabit | D145: sabit | E145: sabit | F145: C | G145: sabit | H145: sabit | I145: sabit | J145: =SUBTOTAL(103,B145) -> 1 | L145: SOĞUTUCU BATARYA | M145: 3 | N145: SR24A-SR Belimo Vana Gövdesi | O145: R27SR24ASR001 | P145: Adet | Q145: 1 | R145: =VLOOKUP('42'!O145,Malzemeler!C:D,2,0) -> 113.85 | S145: =+R145*Q145 -> 113.85
B146: 42 | C146: sabit | D146: sabit | E146: sabit | F146: C | G146: sabit | H146: sabit | I146: sabit | J146: =SUBTOTAL(103,B146) -> 1 | L146: SOĞUTUCU BATARYA | M146: 4 | N146: 30X30 GALVANİZ KUTU PROFİL | O146: R02KP13300000 | P146: Metre | Q146: 7.072 | R146: =VLOOKUP('42'!O146,Malzemeler!C:D,2,0) -> 1.27 | S146: =+R146*Q146 -> 8.98144
B147: 42 | C147: sabit | D147: sabit | E147: sabit | F147: C | G147: sabit | H147: sabit | I147: sabit | J147: =SUBTOTAL(103,B147) -> 1 | L147: SOĞUTUCU BATARYA | M147: 5 | N147: 30X50 GALVANİZ KUTU PROFİL | O147: R02KP13500000 | P147: Metre | Q147: 2.754 | R147: =VLOOKUP('42'!O147,Malzemeler!C:D,2,0) -> 1.74 | S147: =+R147*Q147 -> 4.79196
B148: 42 | C148: sabit | D148: sabit | E148: sabit | F148: C | G148: sabit | H148: sabit | I148: sabit | J148: =SUBTOTAL(103,B148) -> 1 | L148: SOĞUTUCU BATARYA | M148: 6 | N148: 30X60 GALVANİZ KUTU PROFİL | O148: R02KP13600000 | P148: Metre | Q148: 9.496 | R148: =VLOOKUP('42'!O148,Malzemeler!C:D,2,0) -> 1.95 | S148: =+R148*Q148 -> 18.5172
B149: 42 | C149: sabit | D149: sabit | E149: sabit | F149: C | G149: sabit | H149: sabit | I149: sabit | J149: =SUBTOTAL(103,B149) -> 1 | L149: SOĞUTUCU BATARYA | M149: 7 | N149: 0,9 MM 275 gr GALVANİZLİ SAC | O149: R01GL09000275 | P149: kg | Q149: 0.967 | R149: =VLOOKUP('42'!O149,Malzemeler!C:D,2,0) -> 0.87 | S149: =+R149*Q149 -> 0.84129
B150: 42 | C150: sabit | D150: sabit | E150: sabit | F150: C | G150: sabit | H150: sabit | I150: sabit | J150: =SUBTOTAL(103,B150) -> 1 | L150: SOĞUTUCU BATARYA | M150: 8 | N150: 1,2 MM 275 gr RAL7040 Ç.TARAF BOYALI SAC | O150: R01BY12704275 | P150: kg | Q150: 14.89 | R150: =VLOOKUP('42'!O150,Malzemeler!C:D,2,0) -> 1.13 | S150: =+R150*Q150 -> 16.8257
B151: 42 | C151: sabit | D151: sabit | E151: sabit | F151: C | G151: sabit | H151: sabit | I151: sabit | J151: =SUBTOTAL(103,B151) -> 1 | L151: SOĞUTUCU BATARYA | M151: 9 | N151: 1,0 MM 275 gr RAL 7040 BOYALI SAC | O151: R01BY17040275 | P151: kg | Q151: 107.3366 | R151: =VLOOKUP('42'!O151,Malzemeler!C:D,2,0) -> 0.98 | S151: =+R151*Q151 -> 105.18987
B152: 42 | C152: sabit | D152: sabit | E152: sabit | F152: C | G152: sabit | H152: sabit | I152: sabit | J152: =SUBTOTAL(103,B152) -> 1 | L152: SOĞUTUCU BATARYA | M152: 10 | N152: 30X30_KOSE_BAGLANTI | O152: R03KK03000000 | P152: Adet | Q152: 4 | R152: =VLOOKUP('42'!O152,Malzemeler!C:D,2,0) -> 0 | S152: =+R152*Q152 -> 0
B153: 42 | C153: sabit | D153: sabit | E153: sabit | F153: C | G153: sabit | H153: sabit | I153: sabit | J153: =SUBTOTAL(103,B153) -> 1 | L153: SOĞUTUCU BATARYA | M153: 11 | N153: 30X60_KOSE_BAGLANTI | O153: R03KK06000000 | P153: Adet | Q153: 4 | R153: =VLOOKUP('42'!O153,Malzemeler!C:D,2,0) -> 0 | S153: =+R153*Q153 -> 0
B154: 42 | C154: sabit | D154: sabit | E154: sabit | F154: C | G154: sabit | H154: sabit | I154: sabit | J154: =SUBTOTAL(103,B154) -> 1 | L154: SOĞUTUCU BATARYA | M154: 12 | N154: FL-NG Panel Çıtası Siyah | O154: R04NFLPVCPC0S | P154: Metre | Q154: 16.852 | R154: =VLOOKUP('42'!O154,Malzemeler!C:D,2,0) -> 1.12 | S154: =+R154*Q154 -> 18.87424
B155: 42 | C155: sabit | D155: sabit | E155: sabit | F155: C | G155: sabit | H155: sabit | I155: sabit | J155: =SUBTOTAL(103,B155) -> 1 | L155: SOĞUTUCU BATARYA | M155: 13 | N155: FL-NG Panel Köşe Siyah | O155: R04NFLPVCPKPS | P155: Adet | Q155: 20 | R155: =VLOOKUP('42'!O155,Malzemeler!C:D,2,0) -> 1.12 | S155: =+R155*Q155 -> 22.4
... B158: 42 | C158: sabit | D158: sabit | E158: sabit | F158: C | G158: sabit | H158: sabit | I158: sabit | J158: =SUBTOTAL(103,B158) -> 1 | L158: SOĞUTUCU BATARYA | M158: 16 | N158: Siyah Hijyenline Servis Çıtası (626979) | O158: R04CT01H0000S | P158: Metre | Q158: 2.552 | R158: =VLOOKUP('42'!O158,Malzemeler!C:D,2,0) -> 2.21 | S158: =+R158*Q158 -> 5.63992
A159: ÖN ISITICI BATARYA | B159: 42 | C159: R | D159: sabit | E159: sabit | F159: sabit | G159: sabit | H159: 1 | I159: sabit | J159: =SUBTOTAL(103,B159) -> 1 | L159: ÖN ISITICI - SAĞ | M159: 1 | N159: ISITICI F 32x28-12 C S 26T 2R 1660A 2.5P 8NC | O159: - | P159: Adet | Q159: 1 | R159: =VLOOKUP('42'!O159,Malzemeler!C:D,2,0) -> 410 | S159: =+R159*Q159 -> 410
B160: 42 | C160: L | D160: sabit | E160: sabit | F160: sabit | G160: sabit | H160: 1 | I160: sabit | J160: =SUBTOTAL(103,B160) -> 1 | L160: ÖN ISITICI - SOL | M160: 1 | N160: ISITICI F 32x28-12 C S 26T 2R 1660A 2.5P 8NC | O160: xxx | P160: Adet | Q160: 1 | R160: =VLOOKUP('42'!O160,Malzemeler!C:D,2,0) -> #N/A | S160: =+R160*Q160 -> #N/A
B161: 42 | C161: sabit | D161: sabit | E161: sabit | F161: sabit | G161: sabit | H161: 1 | I161: sabit | J161: =SUBTOTAL(103,B161) -> 1 | L161: ÖN ISITICI | M161: 2 | N161: R3025-6P3-S2 3 YOLLU VANA GÖVDESİ, DN25, PN16 | O161: R27VG30253250 | P161: Adet | Q161: 1 | R161: =VLOOKUP('42'!O161,Malzemeler!C:D,2,0) -> 75.9 | S161: =+R161*Q161 -> 75.9
B162: 42 | C162: sabit | D162: sabit | E162: sabit | F162: sabit | G162: sabit | H162: 1 | I162: sabit | J162: =SUBTOTAL(103,B162) -> 1 | L162: ÖN ISITICI | M162: 3 | N162: DCC-LR24A-SR | O162: R27000LR24ASR | P162: Adet | Q162: 1 | R162: =VLOOKUP('42'!O162,Malzemeler!C:D,2,0) -> 77.55 | S162: =+R162*Q162 -> 77.55
B163: 42 | C163: sabit | D163: sabit | E163: sabit | F163: sabit | G163: sabit | H163: 1 | I163: sabit | J163: =SUBTOTAL(103,B163) -> 1 | L163: ÖN ISITICI | M163: 4 | N163: QAE2130.010 | O163: R27QAE2130010 | P163: Adet | Q163: 1 | R163: =VLOOKUP('42'!O163,Malzemeler!C:D,2,0) -> 0 | S163: =+R163*Q163 -> 0
A164: TCP IP | B164: 42 | C164: sabit | D164: sabit | E164: sabit | F164: sabit | G164: sabit | H164: sabit | I164: 1 | J164: =SUBTOTAL(103,B164) -> 1 | L164: TCP IP | M164: 1 | N164: pCOweb SE, ethernet card IP protocols pco1000wd | O164: R278003303311 | P164: Adet | Q164: 1 | R164: =VLOOKUP('42'!O164,Malzemeler!C:D,2,0) -> 0 | S164: =+R164*Q164 -> 0

Sheet 53
B1: Model | C1: Yön | D1: Besleme Filtre | E1: Dönüş Filtre | F1: Soğutucu Batarya | G1: Dış Ortam | H1: Ön Isıtıcı | I1: TCP/IP | N1: HPL 53
B2: 53 | C2: sabit | D2: sabit | E2: sabit | F2: sabit | G2: sabit | H2: sabit | I2: sabit | J2: =SUBTOTAL(103,B2) -> 1 | M2: No | N2: MALZEME ADI | O2: ERP KODU | P2: BİRİM | Q2: MİKTAR | R2: BİRİM FİYAT | S2: TOPLAM FİYAT
A3: MEKANİK | B3: 53 | C3: sabit | D3: sabit | E3: sabit | F3: sabit | G3: sabit | H3: sabit | I3: sabit | J3: =SUBTOTAL(103,B3) -> 1 | L3: MEKANİK | M3: 1 | N3: Kompresör ZP 233 KZE - TED | O3: R20KMZP233001 | P3: Adet | Q3: 1 | R3: =VLOOKUP('53'!O3,Malzemeler!C:D,2,0) -> 2394.46 | S3: =+R3*Q3 -> 2394.46
B4: 53 | C4: sabit | D4: sabit | E4: sabit | F4: sabit | G4: sabit | H4: sabit | I4: sabit | J4: =SUBTOTAL(103,B4) -> 1 | L4: MEKANİK | M4: 2 | N4: Copeland Karter Isıtıcı ID:8622731 | O4: R20KI86227331 | P4: Adet | Q4: 1 | R4: =VLOOKUP('53'!O4,Malzemeler!C:D,2,0) -> 45.9165 | S4: =+R4*Q4 -> 45.9165
B5: 53 | C5: sabit | D5: sabit | E5: sabit | F5: sabit | G5: sabit | H5: sabit | I5: sabit | J5: =SUBTOTAL(103,B5) -> 1 | L5: MEKANİK | M5: 3 | N5: Danfoss Drier DML 307S 7/8" 023Z0071 | O5: R20DML307S780 | P5: Adet | Q5: 1 | R5: =VLOOKUP('53'!O5,Malzemeler!C:D,2,0) -> 18.8 | S5: =+R5*Q5 -> 18.8
B6: 53 | C6: sabit | D6: sabit | E6: sabit | F6: sabit | G6: sabit | H6: sabit | I6: sabit | J6: =SUBTOTAL(103,B6) -> 1 | L6: MEKANİK | M6: 4 | N6: Danfoss Gözetleme Camı Kaynaklı SGP 22s N 7/8" 014L0186 | O6: R20SGP22SN780 | P6: Adet | Q6: 1 | R6: =VLOOKUP('53'!O6,Malzemeler!C:D,2,0) -> 25.5 | S6: =+R6*Q6 -> 25.5
B7: 53 | C7: sabit | D7: sabit | E7: sabit | F7: sabit | G7: sabit | H7: sabit | I7: sabit | J7: =SUBTOTAL(103,B7) -> 1 | L7: MEKANİK | M7: 5 | N7: Danfoss Küresel Vana GBC 22s 7/8" 009L7025 | O7: R20GBC2278725 | P7: Adet | Q7: 1 | R7: =VLOOKUP('53'!O7,Malzemeler!C:D,2,0) -> 26.2 | S7: =+R7*Q7 -> 26.2
B8: 53 | C8: sabit | D8: sabit | E8: sabit | F8: sabit | G8: sabit | H8: sabit | I8: sabit | J8: =SUBTOTAL(103,B8) -> 1 | L8: MEKANİK | M8: 6 | N8: GVN LİKİT TANKI VLR.A.30b.21.B5.C4.F4 | O8: R20LTVLR30214 | P8: Adet | Q8: 1 | R8: =VLOOKUP('53'!O8,Malzemeler!C:D,2,0) -> 0 | S8: =+R8*Q8 -> 0
B9: 53 | C9: sabit | D9: sabit | E9: sabit | F9: sabit | G9: sabit | H9: sabit | I9: sabit | J9: =SUBTOTAL(103,B9) -> 1 | L9: MEKANİK | M9: 7 | N9: BAKIR BORU Q22 (7/8'')-1,5 mm | O9: R20BBQ2200000 | P9: Adet | Q9: 3.1 | R9: =VLOOKUP('53'!O9,Malzemeler!C:D,2,0) -> 16.15 | S9: =+R9*Q9 -> 50.065
B10: 53 | C10: sabit | D10: sabit | E10: sabit | F10: sabit | G10: sabit | H10: sabit | I10: sabit | J10: =SUBTOTAL(103,B10) -> 1 | L10: MEKANİK | M10: 8 | N10: BAKIR BORU Q28 (1 1/8'')-1,5 mm | O10: R20BBQ2800000 | P10: Adet | Q10: 3.3 | R10: =VLOOKUP('53'!O10,Malzemeler!C:D,2,0) -> 20.8 | S10: =+R10*Q10 -> 68.64
B11: 53 | C11: sabit | D11: sabit | E11: sabit | F11: sabit | G11: sabit | H11: sabit | I11: sabit | J11: =SUBTOTAL(103,B11) -> 1 | L11: MEKANİK | M11: 9 | N11: BAKIR BORU Q35 (1 3/8'')-1,5 mm | O11: R20BBQ3500000 | P11: Adet | Q11: 3.1 | R11: =VLOOKUP('53'!O11,Malzemeler!C:D,2,0) -> 26.5 | S11: =+R11*Q11 -> 82.15
B12: 53 | C12: sabit | D12: sabit | E12: sabit | F12: sabit | G12: sabit | H12: sabit | I12: sabit | J12: =SUBTOTAL(103,B12) -> 1 | L12: MEKANİK | M12: 10 | N12: 7/8'' Bakır Dirsek | O12: R20BD20108000 | P12: Adet | Q12: 4 | R12: =VLOOKUP('53'!O12,Malzemeler!C:D,2,0) -> 0.8 | S12: =+R12*Q12 -> 3.2
B13: 53 | C13: sabit | D13: sabit | E13: sabit | F13: sabit | G13: sabit | H13: sabit | I13: sabit | J13: =SUBTOTAL(103,B13) -> 1 | L13: MEKANİK | M13: 11 | N13: BAKIR REDÜKSİYON 28X22 | O13: R20BR28X22000 | P13: Adet | Q13: 2 | R13: =VLOOKUP('53'!O13,Malzemeler!C:D,2,0) -> 0.95 | S13: =+R13*Q13 -> 1.9
B14: 53 | C14: sabit | D14: sabit | E14: sabit | F14: sabit | G14: sabit | H14: sabit | I14: sabit | J14: =SUBTOTAL(103,B14) -> 1 | L14: MEKANİK | M14: 12 | N14: 1 5/8 İzolasyon 9'luk | O14: R10IZ90280009 | P14: Metre | Q14: 6 | R14: =VLOOKUP('53'!O14,Malzemeler!C:D,2,0) -> 0.016 | S14: =+R14*Q14 -> 0.096
B15: 53 | C15: sabit | D15: sabit | E15: sabit | F15: sabit | G15: sabit | H15: sabit | I15: sabit | J15: =SUBTOTAL(103,B15) -> 1 | L15: MEKANİK | M15: 13 | N15: Gümüş KAYNAK TELİ | O15: R20GK30000000 | P15: Adet | Q15: 0.3 | R15: =VLOOKUP('53'!O15,Malzemeler!C:D,2,0) -> 1615.6 | S15: =+R15*Q15 -> 484.68
... B25: 53 | C25: R | D25: sabit | E25: sabit | F25: sabit | G25: sabit | H25: sabit | I25: sabit | J25: =SUBTOTAL(103,B25) -> 1 | L25: MEKANİK - SAĞ | M25: 23 | N25: EVAPARATÖR F 32x28-12 C S 24T 6R 1660A 2P 12NC | O25: R063228122481 | P25: Adet | Q25: 1 | R25: =VLOOKUP('53'!O25,Malzemeler!C:D,2,0) -> 1015 | S25: =+R25*Q25 -> 1015
B26: 53 | C26: L | D26: sabit | E26: sabit | F26: sabit | G26: sabit | H26: sabit | I26: sabit | J26: =SUBTOTAL(103,B26) -> 1 | L26: MEKANİK - SOL | M26: 21 | N26: ISITICI F 32x28-12 C S 31T 2R 1640A 3.2P 13NC | O26: =VLOOKUP(N26,Malzemeler!B:C,2,) -> - | P26: Adet | Q26: 1 | R26: =VLOOKUP('53'!O26,Malzemeler!C:D,2,0) -> 410 | S26: =+R26*Q26 -> 410
B27: 53 | C27: L | D27: sabit | E27: sabit | F27: sabit | G27: sabit | H27: sabit | I27: sabit | J27: 1 | L27: MEKANİK - SOL | M27: 22 | N27: KONDENSER F 25x22-3/8 L G 38T 3R 1675A 2.5P 19NC | O27: =VLOOKUP(N27,Malzemeler!B:C,2,) -> R062522383236 | P27: Adet | Q27: 1 | R27: =VLOOKUP('53'!O27,Malzemeler!C:D,2,0) -> 1665 | S27: =+R27*Q27 -> 1665
B28: 53 | C28: L | D28: sabit | E28: sabit | F28: sabit | G28: sabit | H28: sabit | I28: sabit | J28: 1 | L28: MEKANİK - SOL | M28: 23 | N28: EVAPARATÖR F 32x28-12 C S 24T 6R 1660A 2P 12NC | O28: =VLOOKUP(N28,Malzemeler!B:C,2,) -> R063228122481 | P28: Adet | Q28: 1 | R28: =VLOOKUP('53'!O28,Malzemeler!C:D,2,0) -> 1015 | S28: =+R28*Q28 -> 1015
B29: 53 | C29: sabit | D29: sabit | E29: sabit | F29: sabit | G29: sabit | H29: sabit | I29: sabit | J29: =SUBTOTAL(103,B29) -> 1 | L29: MEKANİK | M29: 24 | N29: CİVATA-BOLT 8x35 | O29: CİVATA-BOLT 8x35 | P29: Adet | Q29: 16 | R29: =VLOOKUP('53'!O29,Malzemeler!C:D,2,0) -> 0 | S29: =+R29*Q29 -> 0
B30: 53 | C30: sabit | D30: sabit | E30: sabit | F30: sabit | G30: sabit | H30: sabit | I30: sabit | J30: =SUBTOTAL(103,B30) -> 1 | L30: MEKANİK | M30: 25 | N30: CİVATA-BOLT M6x30 İnbus | O30: CİVATA-BOLT M6x30 İnbus | P30: Adet | Q30: 40 | R30: =VLOOKUP('53'!O30,Malzemeler!C:D,2,0) -> 0 | S30: =+R30*Q30 -> 0
B31: 53 | C31: sabit | D31: sabit | E31: sabit | F31: sabit | G31: sabit | H31: sabit | I31: sabit | J31: =SUBTOTAL(103,B31) -> 1 | L31: MEKANİK | M31: 26 | N31: CONTA-GASKET 3x25 | O31: CONTA-GASKET 3x25 | P31: Adet | Q31: 27 | R31: =VLOOKUP('53'!O31,Malzemeler!C:D,2,0) -> 0 | S31: =+R31*Q31 -> 0
B32: 53 | C32: sabit | D32: sabit | E32: sabit | F32: sabit | G32: sabit | H32: sabit | I32: sabit | J32: =SUBTOTAL(103,B32) -> 1 | L32: MEKANİK | M32: 27 | N32: PUL-WASHER M8 | O32: PUL-WASHER M8 | P32: Adet | Q32: 16 | R32: =VLOOKUP('53'!O32,Malzemeler!C:D,2,0) -> 0 | S32: =+R32*Q32 -> 0
B33: 53 | C33: sabit | D33: sabit | E33: sabit | F33: sabit | G33: sabit | H33: sabit | I33: sabit | J33: =SUBTOTAL(103,B33) -> 1 | L33: MEKANİK | M33: 28 | N33: 0,8 mm Z275 DX51 RAL7035 Boyalı Rulo Sac | O33: R01B080000001 | P33: Adet | Q33: 1043.698 | R33: =VLOOKUP('53'!O33,Malzemeler!C:D,2,0) -> 1.07 | S33: =+R33*Q33 -> 1116.7569
B34: 53 | C34: sabit | D34: sabit | E34: sabit | F34: sabit | G34: sabit | H34: sabit | I34: sabit | J34: =SUBTOTAL(103,B34) -> 1 | L34: MEKANİK | M34: 29 | N34: 1.0 MM Z275 DX51 Rulo Sac | O34: R01GL10000275 | P34: Adet | Q34: 9.316 | R34: =VLOOKUP('53'!O34,Malzemeler!C:D,2,0) -> 0 | S34: =+R34*Q34 -> 0
B35: 53 | C35: sabit | D35: sabit | E35: sabit | F35: sabit | G35: sabit | H35: sabit | I35: sabit | J35: =SUBTOTAL(103,B35) -> 1 | L35: MEKANİK | M35: 30 | N35: 0,8 MM 275 gr GALVANİZLİ SAC | O35: R01GL10000278 | P35: Adet | Q35: 10.0368 | R35: =VLOOKUP('53'!O35,Malzemeler!C:D,2,0) -> 1.23 | S35: =+R35*Q35 -> 12.345264
B36: 53 | C36: sabit | D36: sabit | E36: sabit | F36: sabit | G36: sabit | H36: sabit | I36: sabit | J36: =SUBTOTAL(103,B36) -> 1 | L36: MEKANİK | M36: 31 | N36: 2.00MM 275 gr GALVANIZLI SAC | O36: R01GL20000275 | P36: Adet | Q36: 145.79142 | R36: =VLOOKUP('53'!O36,Malzemeler!C:D,2,0) -> 0.8 | S36: =+R36*Q36 -> 116.63314
B37: 53 | C37: sabit | D37: sabit | E37: sabit | F37: sabit | G37: sabit | H37: sabit | I37: sabit | J37: =SUBTOTAL(103,B37) -> 1 | L37: MEKANİK | M37: 32 | N37: 3,0 MM 275 gr GALVANIZLI SAC | O37: R01GL30000275 | P37: Adet | Q37: 289.13736 | R37: =VLOOKUP('53'!O37,Malzemeler!C:D,2,0) -> 0.79 | S37: =+R37*Q37 -> 228.41851
B38: 53 | C38: sabit | D38: sabit | E38: sabit | F38: sabit | G38: sabit | H38: sabit | I38: sabit | J38: =SUBTOTAL(103,B38) -> 1 | L38: MEKANİK | M38: 33 | N38: 1,20MM 275 gr GALVANIZLI SAC | O38: R01GL36000275 | P38: Adet | Q38: 63.61273 | R38: =VLOOKUP('53'!O38,Malzemeler!C:D,2,0) -> 0.85 | S38: =+R38*Q38 -> 54.070821
B39: 53 | C39: sabit | D39: sabit | E39: sabit | F39: sabit | G39: sabit | H39: sabit | I39: sabit | J39: =SUBTOTAL(103,B39) -> 1 | L39: MEKANİK | M39: 34 | N39: 0,80 MM PASLANMAZ SAC | O39: R01PS08000000 | P39: Adet | Q39: 36.9603 | R39: =VLOOKUP('53'!O39,Malzemeler!C:D,2,0) -> 2.32 | S39: =+R39*Q39 -> 85.747896
B40: 53 | C40: sabit | D40: sabit | E40: sabit | F40: sabit | G40: sabit | H40: sabit | I40: sabit | J40: =SUBTOTAL(103,B40) -> 1 | L40: MEKANİK | M40: 35 | N40: 20X30 GALVANIZ KUTU PROFIL | O40: R02KP12300000 | P40: Adet | Q40: 8.0784 | R40: =VLOOKUP('53'!O40,Malzemeler!C:D,2,0) -> 0 | S40: =+R40*Q40 -> 0
... B95: 53 | C95: sabit | D95: sabit | E95: sabit | F95: sabit | G95: sabit | H95: sabit | I95: sabit | J95: =SUBTOTAL(103,B95) -> 1 | L95: MEKANİK | M95: 90 | N95: MONTAJ İŞÇİLİK OVERHEAD | O95: HIZM000000010 | P95: Adet | Q95: 98.4 | R95: =VLOOKUP('53'!O95,Malzemeler!C:D,2,0) -> 0 | S95: =+R95*Q95 -> 0
A96: OTOMASYON | B96: 53 | C96: sabit | D96: sabit | E96: sabit | F96: sabit | G96: sabit | H96: sabit | I96: sabit | J96: =SUBTOTAL(103,B96) -> 1 | L96: OTOMASYON | M96: 1 | N96: REFNOX Alçak Basınç Swtich WPS-03L059/1,7G2,7G | O96: R27ABS00R1737 | P96: Adet | Q96: 1 | R96: =VLOOKUP('53'!O96,Malzemeler!C:D,2,0) -> 4.76 | S96: =+R96*Q96 -> 4.76
B97: 53 | C97: sabit | D97: sabit | E97: sabit | F97: sabit | G97: sabit | H97: sabit | I97: sabit | J97: =SUBTOTAL(103,B97) -> 1 | L97: OTOMASYON | M97: 2 | N97: REFNOX Yüksek Basınç Swtich WPS-03H059/42R33R | O97: R27YBS00R4232 | P97: Adet | Q97: 1 | R97: =VLOOKUP('53'!O97,Malzemeler!C:D,2,0) -> 4.76 | S97: =+R97*Q97 -> 4.76
B98: 53 | C98: sabit | D98: sabit | E98: sabit | F98: sabit | G98: sabit | H98: sabit | I98: sabit | J98: =SUBTOTAL(103,B98) -> 1 | L98: OTOMASYON | M98: 3 | N98: CAREL E3V45BWRC1 E3V45B 7/8"-7/8" ODF W/O ELECTRICAL COIL (10) | O98: R27CRLE3V4578 | P98: Adet | Q98: 1 | R98: =VLOOKUP('53'!O98,Malzemeler!C:D,2,0) -> 81.65 | S98: =+R98*Q98 -> 81.65
B99: 53 | C99: sabit | D99: sabit | E99: sabit | F99: sabit | G99: sabit | H99: sabit | I99: sabit | J99: =SUBTOTAL(103,B99) -> 1 | L99: OTOMASYON | M99: 4 | N99: CAREL E3VSTA0201 E3V SPARE PARTS STATOR (COIL) FOR E3V* | O99: R27CRLE3V0201 | P99: Adet | Q99: 1 | R99: =VLOOKUP('53'!O99,Malzemeler!C:D,2,0) -> 81.65 | S99: =+R99*Q99 -> 81.65
B100: 53 | C100: sabit | D100: sabit | E100: sabit | F100: sabit | G100: sabit | H100: sabit | I100: sabit | J100: =SUBTOTAL(103,B100) -> 1 | L100: OTOMASYON | M100: 5 | N100: CAREL SPKT00B6P0 PRESS.TRASD.0-5V | O100: R27CL02250001 | P100: Adet | Q100: 1 | R100: =VLOOKUP('53'!O100,Malzemeler!C:D,2,0) -> 46.47 | S100: =+R100*Q100 -> 46.47
B101: 53 | C101: sabit | D101: sabit | E101: sabit | F101: sabit | G101: sabit | H101: sabit | I101: sabit | J101: =SUBTOTAL(103,B101) -> 1 | L101: OTOMASYON | M101: 6 | N101: Alçak Basınç Trans 0-5Vdc 0-17.3bar SPKT0043P0 | O101: R20SPKT0043R0 | P101: Adet | Q101: 1 | R101: =VLOOKUP('53'!O101,Malzemeler!C:D,2,0) -> 74.48 | S101: =+R101*Q101 -> 74.48
B102: 53 | C102: sabit | D102: sabit | E102: sabit | F102: sabit | G102: sabit | H102: sabit | I102: sabit | J102: =SUBTOTAL(103,B102) -> 1 | L102: OTOMASYON | M102: 7 | N102: CAREL P+500B0A000M0 PCO5+ MEDIUM, FB/BMS NO OPTO, NO USB | O102: R27CP50000000 | P102: Adet | Q102: 1 | R102: =VLOOKUP('53'!O102,Malzemeler!C:D,2,0) -> 675.52 | S102: =+R102*Q102 -> 675.52
B103: 53 | C103: sabit | D103: sabit | E103: sabit | F103: sabit | G103: sabit | H103: sabit | I103: sabit | J103: =SUBTOTAL(103,B103) -> 1 | L103: OTOMASYON | M103: 8 | N103: CAREL CONNECTOR P+50CON0M0 | O103: R27C050000000 | P103: Adet | Q103: 1 | R103: =VLOOKUP('53'!O103,Malzemeler!C:D,2,0) -> 23.17 | S103: =+R103*Q103 -> 23.17
B104: 53 | C104: sabit | D104: sabit | E104: sabit | F104: sabit | G104: sabit | H104: sabit | I104: sabit | J104: =SUBTOTAL(103,B104) -> 1 | L104: OTOMASYON | M104: 9 | N104: Ekran pGD1 PGD1000FW0 | O104: R27PGD1000FW0 | P104: Adet | Q104: 1 | R104: =VLOOKUP('53'!O104,Malzemeler!C:D,2,0) -> 130.16 | S104: =+R104*Q104 -> 130.16
B105: 53 | C105: sabit | D105: sabit | E105: sabit | F105: sabit | G105: sabit | H105: sabit | I105: sabit | J105: =SUBTOTAL(103,B105) -> 1 | L105: OTOMASYON | M105: 10 | N105: KabloS90CONN000 | O105: R27S90CONN000 | P105: Adet | Q105: 1 | R105: =VLOOKUP('53'!O105,Malzemeler!C:D,2,0) -> 130.16 | S105: =+R105*Q105 -> 130.16
B106: 53 | C106: sabit | D106: sabit | E106: sabit | F106: sabit | G106: sabit | H106: sabit | I106: sabit | J106: =SUBTOTAL(103,B106) -> 1 | L106: OTOMASYON | M106: 11 | N106: SPKC005310 (5MT) | O106: R27SPKC531000 | P106: Adet | Q106: 2 | R106: =VLOOKUP('53'!O106,Malzemeler!C:D,2,0) -> 4.73 | S106: =+R106*Q106 -> 9.46
B107: 53 | C107: sabit | D107: sabit | E107: sabit | F107: sabit | G107: sabit | H107: sabit | I107: sabit | J107: =SUBTOTAL(103,B107) -> 1 | L107: OTOMASYON | M107: 12 | N107: CAREL DPDC111000 DUCTSENSOR TEMP.-10T60GR.C. | O107: R27DP00200309 | P107: Adet | Q107: 2 | R107: =VLOOKUP('53'!O107,Malzemeler!C:D,2,0) -> 155.05 | S107: =+R107*Q107 -> 310.1
B108: 53 | C108: sabit | D108: sabit | E108: sabit | F108: sabit | G108: sabit | H108: sabit | I108: sabit | J108: =SUBTOTAL(103,B108) -> 1 | L108: OTOMASYON | M108: 13 | N108: CAREL EVD0000E41 EVD EVOLUTION FOR CAREL VALVES (PLAN) MULTIPLE PACKAGE (10) | O108: R27EVD0000041 | P108: Adet | Q108: 1 | R108: =VLOOKUP('53'!O108,Malzemeler!C:D,2,0) -> 238.61 | S108: =+R108*Q108 -> 238.61
... B130: 53 | C130: sabit | D130: sabit | E130: sabit | F130: sabit | G130: sabit | H130: sabit | I130: sabit | J130: =SUBTOTAL(103,B130) -> 1 | L130: OTOMASYON | M130: 35 | N130: LIHCH KABLO 2X0,75 | O130: R12KBLIHCH2X0 | P130: Metre | Q130: 35 | R130: =VLOOKUP('53'!O130,Malzemeler!C:D,2,0) -> 0 | S130: =+R130*Q130 -> 0
A131: FİLTRE | B131: 53 | C131: sabit | D131: 47 | E131: 5 | F131: sabit | G131: sabit | H131: sabit | I131: sabit | J131: =SUBTOTAL(103,B131) -> 1 | L131: FİLTRE | M131: 1 | N131: PANEL FİLTRE M5 - 592-592-48 | O131: R17PM54610610 | P131: Adet | Q131: 3 | R131: =VLOOKUP('53'!O131,Malzemeler!C:D,2,0) -> 4.43 | S131: =+R131*Q131 -> 13.29
B132: 53 | C132: sabit | D132: 47 | E132: 5 | F132: sabit | G132: sabit | H132: sabit | I132: sabit | J132: =SUBTOTAL(103,B132) -> 1 | L132: FİLTRE | M132: 2 | N132: PANEL FİLTRE M5 - 287-592-48 | O132: R17PM54305610 | P132: Adet | Q132: 3 | R132: =VLOOKUP('53'!O132,Malzemeler!C:D,2,0) -> 3.04 | S132: =+R132*Q132 -> 9.12
B133: 53 | C133: sabit | D133: 47 | E133: 5 | F133: sabit | G133: sabit | H133: sabit | I133: sabit | J133: =SUBTOTAL(103,B133) -> 1 | L133: FİLTRE | M133: 3 | N133: PANEL FİLTRE G4 - 592-592-48 | O133: R17G4P5959048 | P133: Adet | Q133: 3 | R133: =VLOOKUP('53'!O133,Malzemeler!C:D,2,0) -> 4.55 | S133: =+R133*Q133 -> 13.65
B134: 53 | C134: sabit | D134: 47 | E134: 5 | F134: sabit | G134: sabit | H134: sabit | I134: sabit | J134: =SUBTOTAL(103,B134) -> 1 | L134: FİLTRE | M134: 4 | N134: PANEL FİLTRE G4 - 287-592-48 | O134: R17G4P2859048 | P134: Adet | Q134: 3 | R134: =VLOOKUP('53'!O134,Malzemeler!C:D,2,0) -> 2.96 | S134: =+R134*Q134 -> 8.88
B135: 53 | C135: sabit | D135: 47 | E135: 5 | F135: sabit | G135: sabit | H135: sabit | I135: sabit | J135: =SUBTOTAL(103,B135) -> 1 | L135: FİLTRE | M135: 5 | N135: F7 TORBA FİLTRE 592X592X300 GENERAL | O135: R17F75530000G | P135: Adet | Q135: 3 | R135: =VLOOKUP('53'!O135,Malzemeler!C:D,2,0) -> 7.15 | S135: =+R135*Q135 -> 21.45
B136: 53 | C136: sabit | D136: 47 | E136: 5 | F136: sabit | G136: sabit | H136: sabit | I136: sabit | J136: =SUBTOTAL(103,B136) -> 1 | L136: FİLTRE | M136: 6 | N136: F7 TORBA FİLTRE 287X592X300 GENERAL | O136: R17F72530000G | P136: Adet | Q136: 3 | R136: =VLOOKUP('53'!O136,Malzemeler!C:D,2,0) -> 4.37 | S136: =+R136*Q136 -> 13.11
B137: 53 | C137: sabit | D137: 49 | E137: 5 | F137: sabit | G137: sabit | H137: sabit | I137: sabit | J137: =SUBTOTAL(103,B137) -> 1 | L137: FİLTRE | M137: 1 | N137: PANEL FİLTRE M5 - 592-592-48 | O137: R17PM54610610 | P137: Adet | Q137: 3 | R137: =VLOOKUP('53'!O137,Malzemeler!C:D,2,0) -> 4.43 | S137: =+R137*Q137 -> 13.29
B138: 53 | C138: sabit | D138: 49 | E138: 5 | F138: sabit | G138: sabit | H138: sabit | I138: sabit | J138: =SUBTOTAL(103,B138) -> 1 | L138: FİLTRE | M138: 2 | N138: PANEL FİLTRE M5 - 287-592-48 | O138: R17PM54305610 | P138: Adet | Q138: 3 | R138: =VLOOKUP('53'!O138,Malzemeler!C:D,2,0) -> 3.04 | S138: =+R138*Q138 -> 9.12
B139: 53 | C139: sabit | D139: 49 | E139: 5 | F139: sabit | G139: sabit | H139: sabit | I139: sabit | J139: =SUBTOTAL(103,B139) -> 1 | L139: FİLTRE | M139: 3 | N139: PANEL FİLTRE G4 - 592-592-48 | O139: R17G4P5959048 | P139: Adet | Q139: 3 | R139: =VLOOKUP('53'!O139,Malzemeler!C:D,2,0) -> 4.55 | S139: =+R139*Q139 -> 13.65
B140: 53 | C140: sabit | D140: 49 | E140: 5 | F140: sabit | G140: sabit | H140: sabit | I140: sabit | J140: =SUBTOTAL(103,B140) -> 1 | L140: FİLTRE | M140: 4 | N140: PANEL FİLTRE G4 - 287-592-48 | O140: R17G4P2859048 | P140: Adet | Q140: 3 | R140: =VLOOKUP('53'!O140,Malzemeler!C:D,2,0) -> 2.96 | S140: =+R140*Q140 -> 8.88
B141: 53 | C141: sabit | D141: 49 | E141: 5 | F141: sabit | G141: sabit | H141: sabit | I141: sabit | J141: =SUBTOTAL(103,B141) -> 1 | L141: FİLTRE | M141: 5 | N141: TORBA FİLTRE F9 - 592-592-300 | O141: R17F9T5959300 | P141: Adet | Q141: 3 | R141: =VLOOKUP('53'!O141,Malzemeler!C:D,2,0) -> 6.91 | S141: =+R141*Q141 -> 20.73
B142: 53 | C142: sabit | D142: 49 | E142: 5 | F142: sabit | G142: sabit | H142: sabit | I142: sabit | J142: =SUBTOTAL(103,B142) -> 1 | L142: FİLTRE | M142: 6 | N142: TORBA FİLTRE F9 - 287-592-300 | O142: R17F9T2859300 | P142: Adet | Q142: 3 | R142: =VLOOKUP('53'!O142,Malzemeler!C:D,2,0) -> 4.47 | S142: =+R142*Q142 -> 13.41
B143: 53 | C143: sabit | D143: 5 | E143: 5 | F143: sabit | G143: sabit | H143: sabit | I143: sabit | J143: 1 | L143: FİLTRE | M143: 1 | N143: PANEL FİLTRE M5 - 592-592-48 | O143: R17PM54610610 | P143: Adet | Q143: 6 | R143: =VLOOKUP('53'!O143,Malzemeler!C:D,2,0) -> 4.43 | S143: =+R143*Q143 -> 26.58
B144: 53 | C144: sabit | D144: 5 | E144: 5 | F144: sabit | G144: sabit | H144: sabit | I144: sabit | J144: =SUBTOTAL(103,B144) -> 1 | L144: FİLTRE | M144: 2 | N144: PANEL FİLTRE M5 - 287-592-48 | O144: R17PM54305610 | P144: Adet | Q144: 6 | R144: =VLOOKUP('53'!O144,Malzemeler!C:D,2,0) -> 3.04 | S144: =+R144*Q144 -> 18.24
A145: SOĞUTUCU BATARYA | B145: 53 | C145: R | D145: sabit | E145: sabit | F145: C | G145: sabit | H145: sabit | I145: sabit | J145: =SUBTOTAL(103,B145) -> 1 | L145: SOĞUTUCU BATARYA - SAĞ | M145: 1 | N145: HPL53SOG F 32x28-12 C S 31T 4R 1600A 2.1P 43NC | O145: - | P145: Adet | Q145: 1 | R145: =VLOOKUP('53'!O145,Malzemeler!C:D,2,0) -> 410 | S145: =+R145*Q145 -> 410
B146: 53 | C146: L | D146: sabit | E146: sabit | F146: C | G146: sabit | H146: sabit | I146: sabit | J146: =SUBTOTAL(103,B146) -> 1 | L146: SOĞUTUCU BATARYA - SOL | M146: 1 | N146: HPL53SOG F 32x28-12 C S 31T 4R 1600A 2.1P 43NC | O146: =VLOOKUP(N146,Malzemeler!B:C,2,) -> - | P146: Adet | Q146: 1 | R146: =VLOOKUP('53'!O146,Malzemeler!C:D,2,0) -> 410 | S146: =+R146*Q146 -> 410
B147: 53 | C147: sabit | D147: sabit | E147: sabit | F147: C | G147: sabit | H147: sabit | I147: sabit | J147: =SUBTOTAL(103,B147) -> 1 | L147: SOĞUTUCU BATARYA | M147: 2 | N147: R3050-40-S4 3 YOLLU VANA GÖVDESİ, DN50 | O147: R27VG30203210 | P147: Adet | Q147: 1 | R147: =VLOOKUP('53'!O147,Malzemeler!C:D,2,0) -> 214.5 | S147: =+R147*Q147 -> 214.5
B148: 53 | C148: sabit | D148: sabit | E148: sabit | F148: C | G148: sabit | H148: sabit | I148: sabit | J148: =SUBTOTAL(103,B148) -> 1 | L148: SOĞUTUCU BATARYA | M148: 3 | N148: SR24A-SR Belimo Vana Gövdesi | O148: R27SR24ASR001 | P148: Adet | Q148: 1 | R148: =VLOOKUP('53'!O148,Malzemeler!C:D,2,0) -> 113.85 | S148: =+R148*Q148 -> 113.85
B149: 53 | C149: sabit | D149: sabit | E149: sabit | F149: C | G149: sabit | H149: sabit | I149: sabit | J149: =SUBTOTAL(103,B149) -> 1 | L149: SOĞUTUCU BATARYA | M149: 4 | N149: 30X30 GALVANİZ KUTU PROFİL | O149: R02KP13300000 | P149: Metre | Q149: 7.684 | R149: =VLOOKUP('53'!O149,Malzemeler!C:D,2,0) -> 1.27 | S149: =+R149*Q149 -> 9.75868
B150: 53 | C150: sabit | D150: sabit | E150: sabit | F150: C | G150: sabit | H150: sabit | I150: sabit | J150: =SUBTOTAL(103,B150) -> 1 | L150: SOĞUTUCU BATARYA | M150: 5 | N150: 30X50 GALVANİZ KUTU PROFİL | O150: R02KP13500000 | P150: Metre | Q150: 2.907 | R150: =VLOOKUP('53'!O150,Malzemeler!C:D,2,0) -> 1.74 | S150: =+R150*Q150 -> 5.05818
B151: 53 | C151: sabit | D151: sabit | E151: sabit | F151: C | G151: sabit | H151: sabit | I151: sabit | J151: =SUBTOTAL(103,B151) -> 1 | L151: SOĞUTUCU BATARYA | M151: 6 | N151: 30X60 GALVANİZ KUTU PROFİL | O151: R02KP13600000 | P151: Metre | Q151: 9.649 | R151: =VLOOKUP('53'!O151,Malzemeler!C:D,2,0) -> 1.95 | S151: =+R151*Q151 -> 18.81555
B152: 53 | C152: sabit | D152: sabit | E152: sabit | F152: C | G152: sabit | H152: sabit | I152: sabit | J152: =SUBTOTAL(103,B152) -> 1 | L152: SOĞUTUCU BATARYA | M152: 7 | N152: 0,9 MM 275 gr GALVANİZLİ SAC | O152: R01GL09000275 | P152: kg | Q152: 1.28 | R152: =VLOOKUP('53'!O152,Malzemeler!C:D,2,0) -> 0.87 | S152: =+R152*Q152 -> 1.1136
B153: 53 | C153: sabit | D153: sabit | E153: sabit | F153: C | G153: sabit | H153: sabit | I153: sabit | J153: =SUBTOTAL(103,B153) -> 1 | L153: SOĞUTUCU BATARYA | M153: 8 | N153: 1,2 MM 275 gr RAL7040 Ç.TARAF BOYALI SAC | O153: R01BY12704275 | P153: kg | Q153: 12.084 | R153: =VLOOKUP('53'!O153,Malzemeler!C:D,2,0) -> 1.13 | S153: =+R153*Q153 -> 13.65492
B154: 53 | C154: sabit | D154: sabit | E154: sabit | F154: C | G154: sabit | H154: sabit | I154: sabit | J154: =SUBTOTAL(103,B154) -> 1 | L154: SOĞUTUCU BATARYA | M154: 9 | N154: 1,0 MM 275 gr RAL 7040 BOYALI SAC | O154: R01BY17040275 | P154: kg | Q154: 117.16214 | R154: =VLOOKUP('53'!O154,Malzemeler!C:D,2,0) -> 0.98 | S154: =+R154*Q154 -> 114.8189
B155: 53 | C155: sabit | D155: sabit | E155: sabit | F155: C | G155: sabit | H155: sabit | I155: sabit | J155: =SUBTOTAL(103,B155) -> 1 | L155: SOĞUTUCU BATARYA | M155: 10 | N155: 30X30_KOSE_BAGLANTI | O155: R03KK03000000 | P155: Adet | Q155: 4 | R155: =VLOOKUP('53'!O155,Malzemeler!C:D,2,0) -> 0 | S155: =+R155*Q155 -> 0
B156: 53 | C156: sabit | D156: sabit | E156: sabit | F156: C | G156: sabit | H156: sabit | I156: sabit | J156: =SUBTOTAL(103,B156) -> 1 | L156: SOĞUTUCU BATARYA | M156: 11 | N156: 30X60_KOSE_BAGLANTI | O156: R03KK06000000 | P156: Adet | Q156: 4 | R156: =VLOOKUP('53'!O156,Malzemeler!C:D,2,0) -> 0 | S156: =+R156*Q156 -> 0
B157: 53 | C157: sabit | D157: sabit | E157: sabit | F157: C | G157: sabit | H157: sabit | I157: sabit | J157: =SUBTOTAL(103,B157) -> 1 | L157: SOĞUTUCU BATARYA | M157: 12 | N157: FL-NG Panel Çıtası Siyah | O157: R04NFLPVCPC0S | P157: Metre | Q157: 17.772 | R157: =VLOOKUP('53'!O157,Malzemeler!C:D,2,0) -> 1.12 | S157: =+R157*Q157 -> 19.90464
B158: 53 | C158: sabit | D158: sabit | E158: sabit | F158: C | G158: sabit | H158: sabit | I158: sabit | J158: =SUBTOTAL(103,B158) -> 1 | L158: SOĞUTUCU BATARYA | M158: 13 | N158: FL-NG Panel Köşe Siyah | O158: R04NFLPVCPKPS | P158: Adet | Q158: 20 | R158: =VLOOKUP('53'!O158,Malzemeler!C:D,2,0) -> 1.12 | S158: =+R158*Q158 -> 22.4
... B161: 53 | C161: sabit | D161: sabit | E161: sabit | F161: C | G161: sabit | H161: sabit | I161: sabit | J161: =SUBTOTAL(103,B161) -> 1 | L161: SOĞUTUCU BATARYA | M161: 16 | N161: Siyah Hijyenline Servis Çıtası (626979) | O161: R04CT01H0000S | P161: Metre | Q161: 2.858 | R161: =VLOOKUP('53'!O161,Malzemeler!C:D,2,0) -> 2.21 | S161: =+R161*Q161 -> 6.31618
A162: ÖN ISITICI | B162: 53 | C162: R | D162: sabit | E162: sabit | F162: sabit | G162: sabit | H162: 1 | I162: sabit | J162: =SUBTOTAL(103,B162) -> 1 | L162: ÖN ISITICI - SAĞ | M162: 1 | N162: ISITICI F 32x28-12 C S 31T 2R 1640A 3.2P 13NC | O162: - | P162: Adet | Q162: 1 | R162: =VLOOKUP('53'!O162,Malzemeler!C:D,2,0) -> 410 | S162: =+R162*Q162 -> 410
B163: 53 | C163: L | D163: sabit | E163: sabit | F163: sabit | G163: sabit | H163: 1 | I163: sabit | J163: =SUBTOTAL(103,B163) -> 1 | L163: ÖN ISITICI - SOL | M163: 1 | N163: ISITICI F 32x28-12 C S 31T 2R 1640A 3.2P 13NC | O163: =VLOOKUP(N163,Malzemeler!B:C,2,) -> - | P163: Adet | Q163: 1 | R163: =VLOOKUP('53'!O163,Malzemeler!C:D,2,0) -> 410 | S163: =+R163*Q163 -> 410
B164: 53 | C164: sabit | D164: sabit | E164: sabit | F164: sabit | G164: sabit | H164: 1 | I164: sabit | J164: =SUBTOTAL(103,B164) -> 1 | L164: ÖN ISITICI | M164: 2 | N164: R3025-6P3-S2 3 YOLLU VANA GOVDESI, DN25, | O164: R27VG30253250 | P164: Adet | Q164: 1 | R164: =VLOOKUP('53'!O164,Malzemeler!C:D,2,0) -> 75.9 | S164: =+R164*Q164 -> 75.9
B165: 53 | C165: sabit | D165: sabit | E165: sabit | F165: sabit | G165: sabit | H165: 1 | I165: sabit | J165: =SUBTOTAL(103,B165) -> 1 | L165: ÖN ISITICI | M165: 3 | N165: DCC-LR24A-SR | O165: R27000LR24ASR | P165: Adet | Q165: 1 | R165: =VLOOKUP('53'!O165,Malzemeler!C:D,2,0) -> 77.55 | S165: =+R165*Q165 -> 77.55
B166: 53 | C166: sabit | D166: sabit | E166: sabit | F166: sabit | G166: sabit | H166: 1 | I166: sabit | J166: =SUBTOTAL(103,B166) -> 1 | L166: ÖN ISITICI | M166: 4 | N166: QAE2130.010 | O166: R27QAE2130010 | P166: Adet | Q166: 1 | R166: =VLOOKUP('53'!O166,Malzemeler!C:D,2,0) -> 0 | S166: =+R166*Q166 -> 0
A167: TCP IP | B167: 53 | C167: sabit | D167: sabit | E167: sabit | F167: sabit | G167: sabit | H167: sabit | I167: 1 | J167: =SUBTOTAL(103,B167) -> 1 | L167: TCP IP | M167: 1 | N167: pCOweb SE, ethernet card IP protocols pco1000wd | O167: R278003303311 | P167: Adet | Q167: 1 | R167: =VLOOKUP('53'!O167,Malzemeler!C:D,2,0) -> 0 | S167: =+R167*Q167 -> 0

Sheet 64
B1: Model | C1: Yön | D1: Besleme Filtre | E1: Dönüş Filtre | F1: Soğutucu Batarya | G1: Dış Ortam | H1: Ön Isıtıcı | I1: TCP/IP | N1: HPL 64
B2: 64 | C2: sabit | D2: sabit | E2: sabit | F2: sabit | G2: sabit | H2: sabit | I2: sabit | J2: =SUBTOTAL(103,B2) -> 1 | M2: No | N2: MALZEME ADI | O2: ERP KODU | P2: BİRİM | Q2: MİKTAR | R2: BİRİM FİYAT | S2: TOPLAM FİYAT
A3: MEKANİK | B3: 64 | C3: sabit | D3: sabit | E3: sabit | F3: sabit | G3: sabit | H3: sabit | I3: sabit | J3: =SUBTOTAL(103,B3) -> 1 | L3: MEKANİK | M3: 1 | N3: Kompresör ZP 293 KCE-TED | O3: R20KMZP293001 | P3: Adet | Q3: 1 | R3: =VLOOKUP('64'!O3,Malzemeler!C:D,2,0) -> 2283.56 | S3: =+R3*Q3 -> 2283.56
B4: 64 | C4: sabit | D4: sabit | E4: sabit | F4: sabit | G4: sabit | H4: sabit | I4: sabit | J4: =SUBTOTAL(103,B4) -> 1 | L4: MEKANİK | M4: 2 | N4: Copeland Karter Isıtıcı ID:8622731 | O4: R20KI86227331 | P4: Adet | Q4: 1 | R4: =VLOOKUP('64'!O4,Malzemeler!C:D,2,0) -> 45.9165 | S4: =+R4*Q4 -> 45.9165
B5: 64 | C5: sabit | D5: sabit | E5: sabit | F5: sabit | G5: sabit | H5: sabit | I5: sabit | J5: =SUBTOTAL(103,B5) -> 1 | L5: MEKANİK | M5: 3 | N5: Danfoss Drier DML 419S 1 1/8" 023Z0114 | O5: R20DML419S118 | P5: Adet | Q5: 1 | R5: =VLOOKUP('64'!O5,Malzemeler!C:D,2,0) -> 31.8 | S5: =+R5*Q5 -> 31.8
B6: 64 | C6: sabit | D6: sabit | E6: sabit | F6: sabit | G6: sabit | H6: sabit | I6: sabit | J6: =SUBTOTAL(103,B6) -> 1 | L6: MEKANİK | M6: 4 | N6: Danfoss Gözetleme Camı Kaynaklı SGP 22s N 1 1/8" 014L0187 | O6: R20SGP22SN118 | P6: Adet | Q6: 1 | R6: =VLOOKUP('64'!O6,Malzemeler!C:D,2,0) -> 25.5 | S6: =+R6*Q6 -> 25.5
B7: 64 | C7: sabit | D7: sabit | E7: sabit | F7: sabit | G7: sabit | H7: sabit | I7: sabit | J7: =SUBTOTAL(103,B7) -> 1 | L7: MEKANİK | M7: 5 | N7: Danfoss Küresel Vana GBC 28s 1 1/8" 009L7026 | O7: R20GBC2811876 | P7: Adet | Q7: 1 | R7: =VLOOKUP('64'!O7,Malzemeler!C:D,2,0) -> 38.85 | S7: =+R7*Q7 -> 38.85
B8: 64 | C8: sabit | D8: sabit | E8: sabit | F8: sabit | G8: sabit | H8: sabit | I8: sabit | J8: =SUBTOTAL(103,B8) -> 1 | L8: MEKANİK | M8: 6 | N8: GVN ROTALOCK VALF RV.45B-1 1/8X | O8: R20RTKVLF4511 | P8: Adet | Q8: 2 | R8: =VLOOKUP('64'!O8,Malzemeler!C:D,2,0) -> 0 | S8: =+R8*Q8 -> 0
B9: 64 | C9: sabit | D9: sabit | E9: sabit | F9: sabit | G9: sabit | H9: sabit | I9: sabit | J9: =SUBTOTAL(103,B9) -> 1 | L9: MEKANİK | M9: 7 | N9: GVN LİKİT TANKI V7A.33b.25.A3.A3.F4 | O9: R20LTV7A33254 | P9: Adet | Q9: 1 | R9: =VLOOKUP('64'!O9,Malzemeler!C:D,2,0) -> 0 | S9: =+R9*Q9 -> 0
B10: 64 | C10: sabit | D10: sabit | E10: sabit | F10: sabit | G10: sabit | H10: sabit | I10: sabit | J10: =SUBTOTAL(103,B10) -> 1 | L10: MEKANİK | M10: 8 | N10: 7/8'' Bakır Boru | O10: R20BBQ2200000 | P10: Adet | Q10: 2 | R10: =VLOOKUP('64'!O10,Malzemeler!C:D,2,0) -> 16.15 | S10: =+R10*Q10 -> 32.3
B11: 64 | C11: sabit | D11: sabit | E11: sabit | F11: sabit | G11: sabit | H11: sabit | I11: sabit | J11: =SUBTOTAL(103,B11) -> 1 | L11: MEKANİK | M11: 9 | N11: 1 1/8'' Bakır Boru | O11: R20BBQ2800000 | P11: Adet | Q11: 4 | R11: =VLOOKUP('64'!O11,Malzemeler!C:D,2,0) -> 20.8 | S11: =+R11*Q11 -> 83.2
B12: 64 | C12: sabit | D12: sabit | E12: sabit | F12: sabit | G12: sabit | H12: sabit | I12: sabit | J12: =SUBTOTAL(103,B12) -> 1 | L12: MEKANİK | M12: 10 | N12: BAKIR BORU Q42 (1 5/8")-1,5 MM | O12: R20BBQ4200000 | P12: Adet | Q12: 4 | R12: =VLOOKUP('64'!O12,Malzemeler!C:D,2,0) -> 31.85 | S12: =+R12*Q12 -> 127.4
B13: 64 | C13: sabit | D13: sabit | E13: sabit | F13: sabit | G13: sabit | H13: sabit | I13: sabit | J13: =SUBTOTAL(103,B13) -> 1 | L13: MEKANİK | M13: 11 | N13: 7/8'' Bakır Dirsek | O13: R20BD20108000 | P13: Adet | Q13: 4 | R13: =VLOOKUP('64'!O13,Malzemeler!C:D,2,0) -> 0.8 | S13: =+R13*Q13 -> 3.2
B14: 64 | C14: sabit | D14: sabit | E14: sabit | F14: sabit | G14: sabit | H14: sabit | I14: sabit | J14: =SUBTOTAL(103,B14) -> 1 | L14: MEKANİK | M14: 12 | N14: BAKIR REDÜKSİYON 28X22 | O14: R20BR28X22000 | P14: Adet | Q14: 4 | R14: =VLOOKUP('64'!O14,Malzemeler!C:D,2,0) -> 0.95 | S14: =+R14*Q14 -> 3.8
B15: 64 | C15: sabit | D15: sabit | E15: sabit | F15: sabit | G15: sabit | H15: sabit | I15: sabit | J15: =SUBTOTAL(103,B15) -> 1 | L15: MEKANİK | M15: 13 | N15: BAKIR REDÜKSİYON 42X35 | O15: R20BR42X35000 | P15: Adet | Q15: 4 | R15: =VLOOKUP('64'!O15,Malzemeler!C:D,2,0) -> 3.55 | S15: =+R15*Q15 -> 14.2
... B27: 64 | C27: R | D27: sabit | E27: sabit | F27: sabit | G27: sabit | H27: sabit | I27: sabit | J27: =SUBTOTAL(103,B27) -> 1 | L27: MEKANİK - SAĞ | M27: 25 | N27: EVAPARATÖR F 32x28-12 C S 24T 8R 1900A 1.8P 24NC | O27: R063228122489 | P27: Adet | Q27: 1 | R27: =VLOOKUP('64'!O27,Malzemeler!C:D,2,0) -> 1475 | S27: =+R27*Q27 -> 1475
B28: 64 | C28: L | D28: sabit | E28: sabit | F28: sabit | G28: sabit | H28: sabit | I28: sabit | J28: =SUBTOTAL(103,B28) -> 1 | L28: MEKANİK - SOL | M28: 23 | N28: ISITICI F 32x28-12 C S 31T 2R 1955A 3.2P 13NC | O28: =VLOOKUP(N28,Malzemeler!B:C,2,) -> - | P28: Adet | Q28: 1 | R28: =VLOOKUP('64'!O28,Malzemeler!C:D,2,0) -> 410 | S28: =+R28*Q28 -> 410
B29: 64 | C29: L | D29: sabit | E29: sabit | F29: sabit | G29: sabit | H29: sabit | I29: sabit | J29: 1 | L29: MEKANİK - SOL | M29: 24 | N29: KONDENSER F 25x22-3/8 L G 38T 3R 1980A 2.1P 19NC | O29: =VLOOKUP(N29,Malzemeler!B:C,2,) -> R062522383238 | P29: Adet | Q29: 1 | R29: =VLOOKUP('64'!O29,Malzemeler!C:D,2,0) -> 1875 | S29: =+R29*Q29 -> 1875
B30: 64 | C30: L | D30: sabit | E30: sabit | F30: sabit | G30: sabit | H30: sabit | I30: sabit | J30: 1 | L30: MEKANİK - SOL | M30: 25 | N30: EVAPARATÖR F 32x28-12 C S 24T 8R 1900A 1.8P 24NC | O30: =VLOOKUP(N30,Malzemeler!B:C,2,) -> R063228122489 | P30: Adet | Q30: 1 | R30: =VLOOKUP('64'!O30,Malzemeler!C:D,2,0) -> 1475 | S30: =+R30*Q30 -> 1475
B31: 64 | C31: sabit | D31: sabit | E31: sabit | F31: sabit | G31: sabit | H31: sabit | I31: sabit | J31: =SUBTOTAL(103,B31) -> 1 | L31: MEKANİK | M31: 26 | N31: CİVATA-BOLT 8x35 | O31: CİVATA-BOLT 8x35 | P31: Adet | Q31: 8 | R31: =VLOOKUP('64'!O31,Malzemeler!C:D,2,0) -> 0 | S31: =+R31*Q31 -> 0
B32: 64 | C32: sabit | D32: sabit | E32: sabit | F32: sabit | G32: sabit | H32: sabit | I32: sabit | J32: =SUBTOTAL(103,B32) -> 1 | L32: MEKANİK | M32: 27 | N32: CİVATA-BOLT M6x30 İnbus | O32: CİVATA-BOLT M6x30 İnbus | P32: Adet | Q32: 20 | R32: =VLOOKUP('64'!O32,Malzemeler!C:D,2,0) -> 0 | S32: =+R32*Q32 -> 0
B33: 64 | C33: sabit | D33: sabit | E33: sabit | F33: sabit | G33: sabit | H33: sabit | I33: sabit | J33: =SUBTOTAL(103,B33) -> 1 | L33: MEKANİK | M33: 28 | N33: CONTA-GASKET 3x25 | O33: CONTA-GASKET 3x25 | P33: Adet | Q33: 19 | R33: =VLOOKUP('64'!O33,Malzemeler!C:D,2,0) -> 0 | S33: =+R33*Q33 -> 0
B34: 64 | C34: sabit | D34: sabit | E34: sabit | F34: sabit | G34: sabit | H34: sabit | I34: sabit | J34: =SUBTOTAL(103,B34) -> 1 | L34: MEKANİK | M34: 29 | N34: PUL-WASHER M8 | O34: PUL-WASHER M8 | P34: Adet | Q34: 8 | R34: =VLOOKUP('64'!O34,Malzemeler!C:D,2,0) -> 0 | S34: =+R34*Q34 -> 0
B35: 64 | C35: sabit | D35: sabit | E35: sabit | F35: sabit | G35: sabit | H35: sabit | I35: sabit | J35: =SUBTOTAL(103,B35) -> 1 | L35: MEKANİK | M35: 30 | N35: 0,8 mm Z275 DX51 RAL7035 Boyalı Rulo Sac | O35: R01B080000001 | P35: Adet | Q35: 1288.5633 | R35: =VLOOKUP('64'!O35,Malzemeler!C:D,2,0) -> 1.07 | S35: =+R35*Q35 -> 1378.7627
B36: 64 | C36: sabit | D36: sabit | E36: sabit | F36: sabit | G36: sabit | H36: sabit | I36: sabit | J36: =SUBTOTAL(103,B36) -> 1 | L36: MEKANİK | M36: 31 | N36: 1.0 MM Z275 DX51 Rulo Sac | O36: R01GL10000275 | P36: Adet | Q36: 10.0844 | R36: =VLOOKUP('64'!O36,Malzemeler!C:D,2,0) -> 0 | S36: =+R36*Q36 -> 0
B37: 64 | C37: sabit | D37: sabit | E37: sabit | F37: sabit | G37: sabit | H37: sabit | I37: sabit | J37: =SUBTOTAL(103,B37) -> 1 | L37: MEKANİK | M37: 32 | N37: 0,8 MM 275 gr GALVANİZLİ SAC | O37: R01GL10000278 | P37: Adet | Q37: 11.7096 | R37: =VLOOKUP('64'!O37,Malzemeler!C:D,2,0) -> 1.23 | S37: =+R37*Q37 -> 14.402808
B38: 64 | C38: sabit | D38: sabit | E38: sabit | F38: sabit | G38: sabit | H38: sabit | I38: sabit | J38: =SUBTOTAL(103,B38) -> 1 | L38: MEKANİK | M38: 33 | N38: 2.00MM 275 gr GALVANIZLI SAC | O38: R01GL20000275 | P38: Adet | Q38: 161.28432 | R38: =VLOOKUP('64'!O38,Malzemeler!C:D,2,0) -> 0.8 | S38: =+R38*Q38 -> 129.02746
B39: 64 | C39: sabit | D39: sabit | E39: sabit | F39: sabit | G39: sabit | H39: sabit | I39: sabit | J39: =SUBTOTAL(103,B39) -> 1 | L39: MEKANİK | M39: 34 | N39: 3,0 MM 275 gr GALVANIZLI SAC | O39: R01GL30000275 | P39: Adet | Q39: 349.0236 | R39: =VLOOKUP('64'!O39,Malzemeler!C:D,2,0) -> 0.79 | S39: =+R39*Q39 -> 275.72864
B40: 64 | C40: sabit | D40: sabit | E40: sabit | F40: sabit | G40: sabit | H40: sabit | I40: sabit | J40: =SUBTOTAL(103,B40) -> 1 | L40: MEKANİK | M40: 35 | N40: 1,20MM 275 gr GALVANIZLI SAC | O40: R01GL36000275 | P40: Adet | Q40: 63.299043 | R40: =VLOOKUP('64'!O40,Malzemeler!C:D,2,0) -> 0.85 | S40: =+R40*Q40 -> 53.804186
B41: 64 | C41: sabit | D41: sabit | E41: sabit | F41: sabit | G41: sabit | H41: sabit | I41: sabit | J41: =SUBTOTAL(103,B41) -> 1 | L41: MEKANİK | M41: 36 | N41: 0,80 MM PASLANMAZ SAC | O41: R01PS08000000 | P41: Adet | Q41: 36.68085 | R41: =VLOOKUP('64'!O41,Malzemeler!C:D,2,0) -> 2.32 | S41: =+R41*Q41 -> 85.099572
B42: 64 | C42: sabit | D42: sabit | E42: sabit | F42: sabit | G42: sabit | H42: sabit | I42: sabit | J42: =SUBTOTAL(103,B42) -> 1 | L42: MEKANİK | M42: 37 | N42: 20X30 GALVANIZ KUTU PROFIL | O42: R02KP12300000 | P42: Adet | Q42: 7.0686 | R42: =VLOOKUP('64'!O42,Malzemeler!C:D,2,0) -> 0 | S42: =+R42*Q42 -> 0
... B95: 64 | C95: sabit | D95: sabit | E95: sabit | F95: sabit | G95: sabit | H95: sabit | I95: sabit | J95: =SUBTOTAL(103,B95) -> 1 | L95: MEKANİK | M95: 90 | N95: MONTAJ İŞÇİLİK OVERHEAD | O95: HIZM000000010 | P95: Adet | Q95: 111.4 | R95: =VLOOKUP('64'!O95,Malzemeler!C:D,2,0) -> 0 | S95: =+R95*Q95 -> 0
A96: OTOMASYON | B96: 64 | C96: sabit | D96: sabit | E96: sabit | F96: sabit | G96: sabit | H96: sabit | I96: sabit | J96: =SUBTOTAL(103,B96) -> 1 | L96: OTOMASYON | M96: 1 | N96: REFNOX Alçak Basınç Swtich WPS-03L059/1,7G2,7G | O96: R27ABS00R1737 | P96: Adet | Q96: 1 | R96: =VLOOKUP('64'!O96,Malzemeler!C:D,2,0) -> 4.76 | S96: =+R96*Q96 -> 4.76
B97: 64 | C97: sabit | D97: sabit | E97: sabit | F97: sabit | G97: sabit | H97: sabit | I97: sabit | J97: =SUBTOTAL(103,B97) -> 1 | L97: OTOMASYON | M97: 2 | N97: REFNOX Yüksek Basınç Swtich WPS-03H059/42R33R | O97: R27YBS00R4232 | P97: Adet | Q97: 1 | R97: =VLOOKUP('64'!O97,Malzemeler!C:D,2,0) -> 4.76 | S97: =+R97*Q97 -> 4.76
B98: 64 | C98: sabit | D98: sabit | E98: sabit | F98: sabit | G98: sabit | H98: sabit | I98: sabit | J98: =SUBTOTAL(103,B98) -> 1 | L98: OTOMASYON | M98: 3 | N98: CAREL E3V55BWRC1 7/8-7/8" 4720967 | O98: R27CRLE3V5578 | P98: Adet | Q98: 1 | R98: =VLOOKUP('64'!O98,Malzemeler!C:D,2,0) -> 0 | S98: =+R98*Q98 -> 0
B99: 64 | C99: sabit | D99: sabit | E99: sabit | F99: sabit | G99: sabit | H99: sabit | I99: sabit | J99: =SUBTOTAL(103,B99) -> 1 | L99: OTOMASYON | M99: 4 | N99: CAREL E3VSTA0201 E3V SPARE PARTS STATOR (COIL) FOR E3V* | O99: R27CRLE3V0201 | P99: Adet | Q99: 1 | R99: =VLOOKUP('64'!O99,Malzemeler!C:D,2,0) -> 81.65 | S99: =+R99*Q99 -> 81.65
B100: 64 | C100: sabit | D100: sabit | E100: sabit | F100: sabit | G100: sabit | H100: sabit | I100: sabit | J100: =SUBTOTAL(103,B100) -> 1 | L100: OTOMASYON | M100: 5 | N100: CAREL SPKT00B6P0 PRESS.TRASD.0-5V | O100: R27CL02250001 | P100: Adet | Q100: 1 | R100: =VLOOKUP('64'!O100,Malzemeler!C:D,2,0) -> 46.47 | S100: =+R100*Q100 -> 46.47
B101: 64 | C101: sabit | D101: sabit | E101: sabit | F101: sabit | G101: sabit | H101: sabit | I101: sabit | J101: =SUBTOTAL(103,B101) -> 1 | L101: OTOMASYON | M101: 6 | N101: Alçak Basınç Trans 0-5Vdc 0-17.3bar SPKT0043P0 | O101: R20SPKT0043R0 | P101: Adet | Q101: 1 | R101: =VLOOKUP('64'!O101,Malzemeler!C:D,2,0) -> 74.48 | S101: =+R101*Q101 -> 74.48
B102: 64 | C102: sabit | D102: sabit | E102: sabit | F102: sabit | G102: sabit | H102: sabit | I102: sabit | J102: =SUBTOTAL(103,B102) -> 1 | L102: OTOMASYON | M102: 7 | N102: CAREL P+500B0A000M0 PCO5+ MEDIUM, FB/BMS NO OPTO, NO USB | O102: R27CP50000000 | P102: Adet | Q102: 1 | R102: =VLOOKUP('64'!O102,Malzemeler!C:D,2,0) -> 675.52 | S102: =+R102*Q102 -> 675.52
B103: 64 | C103: sabit | D103: sabit | E103: sabit | F103: sabit | G103: sabit | H103: sabit | I103: sabit | J103: =SUBTOTAL(103,B103) -> 1 | L103: OTOMASYON | M103: 8 | N103: CAREL CONNECTOR P+50CON0M0 | O103: R27C050000000 | P103: Adet | Q103: 1 | R103: =VLOOKUP('64'!O103,Malzemeler!C:D,2,0) -> 23.17 | S103: =+R103*Q103 -> 23.17
B104: 64 | C104: sabit | D104: sabit | E104: sabit | F104: sabit | G104: sabit | H104: sabit | I104: sabit | J104: =SUBTOTAL(103,B104) -> 1 | L104: OTOMASYON | M104: 9 | N104: Ekran pGD1 PGD1000FW0 | O104: R27PGD1000FW0 | P104: Adet | Q104: 1 | R104: =VLOOKUP('64'!O104,Malzemeler!C:D,2,0) -> 130.16 | S104: =+R104*Q104 -> 130.16
B105: 64 | C105: sabit | D105: sabit | E105: sabit | F105: sabit | G105: sabit | H105: sabit | I105: sabit | J105: =SUBTOTAL(103,B105) -> 1 | L105: OTOMASYON | M105: 10 | N105: KabloS90CONN000 | O105: R27S90CONN000 | P105: Adet | Q105: 1 | R105: =VLOOKUP('64'!O105,Malzemeler!C:D,2,0) -> 130.16 | S105: =+R105*Q105 -> 130.16
B106: 64 | C106: sabit | D106: sabit | E106: sabit | F106: sabit | G106: sabit | H106: sabit | I106: sabit | J106: =SUBTOTAL(103,B106) -> 1 | L106: OTOMASYON | M106: 11 | N106: SPKC005310 (5MT) | O106: R27SPKC531000 | P106: Adet | Q106: 2 | R106: =VLOOKUP('64'!O106,Malzemeler!C:D,2,0) -> 4.73 | S106: =+R106*Q106 -> 9.46
B107: 64 | C107: sabit | D107: sabit | E107: sabit | F107: sabit | G107: sabit | H107: sabit | I107: sabit | J107: =SUBTOTAL(103,B107) -> 1 | L107: OTOMASYON | M107: 12 | N107: CAREL DPDC111000 DUCTSENSOR TEMP.-10T60GR.C. | O107: R27DP00200309 | P107: Adet | Q107: 2 | R107: =VLOOKUP('64'!O107,Malzemeler!C:D,2,0) -> 155.05 | S107: =+R107*Q107 -> 310.1
B108: 64 | C108: sabit | D108: sabit | E108: sabit | F108: sabit | G108: sabit | H108: sabit | I108: sabit | J108: =SUBTOTAL(103,B108) -> 1 | L108: OTOMASYON | M108: 13 | N108: CAREL EVD0000E41 EVD EVOLUTION FOR CAREL VALVES (PLAN) MULTIPLE PACKAGE (10) | O108: R27EVD0000041 | P108: Adet | Q108: 1 | R108: =VLOOKUP('64'!O108,Malzemeler!C:D,2,0) -> 238.61 | S108: =+R108*Q108 -> 238.61
... B130: 64 | C130: sabit | D130: sabit | E130: sabit | F130: sabit | G130: sabit | H130: sabit | I130: sabit | J130: =SUBTOTAL(103,B130) -> 1 | L130: OTOMASYON | M130: 35 | N130: LIHCH KABLO 2X0,75 | O130: R12KBLIHCH2X0 | P130: Metre | Q130: 35 | R130: =VLOOKUP('64'!O130,Malzemeler!C:D,2,0) -> 0 | S130: =+R130*Q130 -> 0
A131: FİLTRE | B131: 64 | C131: sabit | D131: 47 | E131: 5 | F131: sabit | G131: sabit | H131: sabit | I131: sabit | J131: =SUBTOTAL(103,B131) -> 1 | L131: FİLTRE | M131: 1 | N131: PANEL FİLTRE M5 - 592-592-48 | O131: R17PM54610610 | P131: Adet | Q131: 3 | R131: =VLOOKUP('64'!O131,Malzemeler!C:D,2,0) -> 4.43 | S131: =+R131*Q131 -> 13.29
B132: 64 | C132: sabit | D132: 47 | E132: 5 | F132: sabit | G132: sabit | H132: sabit | I132: sabit | J132: =SUBTOTAL(103,B132) -> 1 | L132: FİLTRE | M132: 2 | N132: PANEL FİLTRE M5 - 287-592-48 | O132: R17PM54305610 | P132: Adet | Q132: 4 | R132: =VLOOKUP('64'!O132,Malzemeler!C:D,2,0) -> 3.04 | S132: =+R132*Q132 -> 12.16
B133: 64 | C133: sabit | D133: 47 | E133: 5 | F133: sabit | G133: sabit | H133: sabit | I133: sabit | J133: =SUBTOTAL(103,B133) -> 1 | L133: FİLTRE | M133: 3 | N133: PANEL FİLTRE M5 - 287-287-48 | O133: R17PM54305305 | P133: Adet | Q133: 1 | R133: =VLOOKUP('64'!O133,Malzemeler!C:D,2,0) -> 2 | S133: =+R133*Q133 -> 2
B134: 64 | C134: sabit | D134: 47 | E134: 5 | F134: sabit | G134: sabit | H134: sabit | I134: sabit | J134: =SUBTOTAL(103,B134) -> 1 | L134: FİLTRE | M134: 4 | N134: PANEL FİLTRE G4 - 592-592-48 | O134: R17G4P5959048 | P134: Adet | Q134: 3 | R134: =VLOOKUP('64'!O134,Malzemeler!C:D,2,0) -> 4.55 | S134: =+R134*Q134 -> 13.65
B135: 64 | C135: sabit | D135: 47 | E135: 5 | F135: sabit | G135: sabit | H135: sabit | I135: sabit | J135: =SUBTOTAL(103,B135) -> 1 | L135: FİLTRE | M135: 5 | N135: PANEL FİLTRE G4 - 287-592-48 | O135: R17G4P2859048 | P135: Adet | Q135: 4 | R135: =VLOOKUP('64'!O135,Malzemeler!C:D,2,0) -> 2.96 | S135: =+R135*Q135 -> 11.84
B136: 64 | C136: sabit | D136: 47 | E136: 5 | F136: sabit | G136: sabit | H136: sabit | I136: sabit | J136: =SUBTOTAL(103,B136) -> 1 | L136: FİLTRE | M136: 6 | N136: PANEL FİLTRE G4 - 287-287-48 | O136: R17G4P2828048 | P136: Adet | Q136: 1 | R136: =VLOOKUP('64'!O136,Malzemeler!C:D,2,0) -> 2 | S136: =+R136*Q136 -> 2
B137: 64 | C137: sabit | D137: 47 | E137: 5 | F137: sabit | G137: sabit | H137: sabit | I137: sabit | J137: =SUBTOTAL(103,B137) -> 1 | L137: FİLTRE | M137: 7 | N137: F7 TORBA FİLTRE 592X592X300 GENERAL | O137: R17F75530000G | P137: Adet | Q137: 3 | R137: =VLOOKUP('64'!O137,Malzemeler!C:D,2,0) -> 7.15 | S137: =+R137*Q137 -> 21.45
B138: 64 | C138: sabit | D138: 47 | E138: 5 | F138: sabit | G138: sabit | H138: sabit | I138: sabit | J138: =SUBTOTAL(103,B138) -> 1 | L138: FİLTRE | M138: 8 | N138: F7 TORBA FİLTRE 287X592X300 GENERAL | O138: R17F72530000G | P138: Adet | Q138: 4 | R138: =VLOOKUP('64'!O138,Malzemeler!C:D,2,0) -> 4.37 | S138: =+R138*Q138 -> 17.48
B139: 64 | C139: sabit | D139: 47 | E139: 5 | F139: sabit | G139: sabit | H139: sabit | I139: sabit | J139: =SUBTOTAL(103,B139) -> 1 | L139: FİLTRE | M139: 9 | N139: F7 TORBA FİLTRE 287X287X300 GENERAL | O139: R17F72230000G | P139: Adet | Q139: 1 | R139: =VLOOKUP('64'!O139,Malzemeler!C:D,2,0) -> 3.3 | S139: =+R139*Q139 -> 3.3
B140: 64 | C140: sabit | D140: 5 | E140: 5 | F140: sabit | G140: sabit | H140: sabit | I140: sabit | J140: =SUBTOTAL(103,B140) -> 1 | L140: FİLTRE | M140: 1 | N140: PANEL FİLTRE M5 - 592-592-48 | O140: R17PM54610610 | P140: Adet | Q140: 6 | R140: =VLOOKUP('64'!O140,Malzemeler!C:D,2,0) -> 4.43 | S140: =+R140*Q140 -> 26.58
B141: 64 | C141: sabit | D141: 5 | E141: 5 | F141: sabit | G141: sabit | H141: sabit | I141: sabit | J141: 1 | L141: FİLTRE | M141: 2 | N141: PANEL FİLTRE M5 - 287-592-48 | O141: R17PM54305610 | P141: Adet | Q141: 8 | R141: =VLOOKUP('64'!O141,Malzemeler!C:D,2,0) -> 3.04 | S141: =+R141*Q141 -> 24.32
B142: 64 | C142: sabit | D142: 5 | E142: 5 | F142: sabit | G142: sabit | H142: sabit | I142: sabit | J142: 1 | L142: FİLTRE | M142: 3 | N142: PANEL FİLTRE M5 - 287-287-48 | O142: R17PM54305305 | P142: Adet | Q142: 2 | R142: =VLOOKUP('64'!O142,Malzemeler!C:D,2,0) -> 2 | S142: =+R142*Q142 -> 4
B143: 64 | C143: sabit | D143: 49 | E143: 5 | F143: sabit | G143: sabit | H143: sabit | I143: sabit | J143: =SUBTOTAL(103,B143) -> 1 | L143: FİLTRE | M143: 1 | N143: PANEL FİLTRE M5 - 592-592-48 | O143: R17PM54610610 | P143: Adet | Q143: 3 | R143: =VLOOKUP('64'!O143,Malzemeler!C:D,2,0) -> 4.43 | S143: =+R143*Q143 -> 13.29
B144: 64 | C144: sabit | D144: 49 | E144: 5 | F144: sabit | G144: sabit | H144: sabit | I144: sabit | J144: =SUBTOTAL(103,B144) -> 1 | L144: FİLTRE | M144: 2 | N144: PANEL FİLTRE M5 - 287-592-48 | O144: R17PM54305610 | P144: Adet | Q144: 4 | R144: =VLOOKUP('64'!O144,Malzemeler!C:D,2,0) -> 3.04 | S144: =+R144*Q144 -> 12.16
B145: 64 | C145: sabit | D145: 49 | E145: 5 | F145: sabit | G145: sabit | H145: sabit | I145: sabit | J145: =SUBTOTAL(103,B145) -> 1 | L145: FİLTRE | M145: 3 | N145: PANEL FİLTRE M5 - 287-287-48 | O145: R17PM54305305 | P145: Adet | Q145: 1 | R145: =VLOOKUP('64'!O145,Malzemeler!C:D,2,0) -> 2 | S145: =+R145*Q145 -> 2
B146: 64 | C146: sabit | D146: 49 | E146: 5 | F146: sabit | G146: sabit | H146: sabit | I146: sabit | J146: =SUBTOTAL(103,B146) -> 1 | L146: FİLTRE | M146: 4 | N146: PANEL FİLTRE G4 - 592-592-48 | O146: R17G4P5959048 | P146: Adet | Q146: 3 | R146: =VLOOKUP('64'!O146,Malzemeler!C:D,2,0) -> 4.55 | S146: =+R146*Q146 -> 13.65
B147: 64 | C147: sabit | D147: 49 | E147: 5 | F147: sabit | G147: sabit | H147: sabit | I147: sabit | J147: =SUBTOTAL(103,B147) -> 1 | L147: FİLTRE | M147: 5 | N147: PANEL FİLTRE G4 - 287-592-48 | O147: R17G4P2859048 | P147: Adet | Q147: 4 | R147: =VLOOKUP('64'!O147,Malzemeler!C:D,2,0) -> 2.96 | S147: =+R147*Q147 -> 11.84
B148: 64 | C148: sabit | D148: 49 | E148: 5 | F148: sabit | G148: sabit | H148: sabit | I148: sabit | J148: =SUBTOTAL(103,B148) -> 1 | L148: FİLTRE | M148: 6 | N148: PANEL FİLTRE G4 - 287-287-48 | O148: R17G4P2828048 | P148: Adet | Q148: 1 | R148: =VLOOKUP('64'!O148,Malzemeler!C:D,2,0) -> 2 | S148: =+R148*Q148 -> 2
B149: 64 | C149: sabit | D149: 49 | E149: 5 | F149: sabit | G149: sabit | H149: sabit | I149: sabit | J149: =SUBTOTAL(103,B149) -> 1 | L149: FİLTRE | M149: 7 | N149: TORBA FİLTRE F9 - 592-592-300 | O149: R17F9T5959300 | P149: Adet | Q149: 3 | R149: =VLOOKUP('64'!O149,Malzemeler!C:D,2,0) -> 6.91 | S149: =+R149*Q149 -> 20.73
B150: 64 | C150: sabit | D150: 49 | E150: 5 | F150: sabit | G150: sabit | H150: sabit | I150: sabit | J150: =SUBTOTAL(103,B150) -> 1 | L150: FİLTRE | M150: 8 | N150: TORBA FİLTRE F9 - 287-592-300 | O150: R17F9T2859300 | P150: Adet | Q150: 4 | R150: =VLOOKUP('64'!O150,Malzemeler!C:D,2,0) -> 4.47 | S150: =+R150*Q150 -> 17.88
B151: 64 | C151: sabit | D151: 49 | E151: 5 | F151: sabit | G151: sabit | H151: sabit | I151: sabit | J151: =SUBTOTAL(103,B151) -> 1 | L151: FİLTRE | M151: 9 | N151: TORBA FİLTRE F9 - 287-287-300 | O151: R17F9T2828300 | P151: Adet | Q151: 1 | R151: =VLOOKUP('64'!O151,Malzemeler!C:D,2,0) -> 4 | S151: =+R151*Q151 -> 4
A152: SOĞUTUCU BATARYA | B152: 64 | C152: R | D152: sabit | E152: sabit | F152: C | G152: sabit | H152: sabit | I152: sabit | J152: =SUBTOTAL(103,B152) -> 1 | L152: SOĞUTUCU BATARYA - SAĞ | M152: 1 | N152: HPL64SOG F 32x28-12 C S 31T 4R 1910A 2.1P 62NC | O152: R06HPL6400004 | P152: Adet | Q152: 1 | R152: =VLOOKUP('64'!O152,Malzemeler!C:D,2,0) -> 1290 | S152: =+R152*Q152 -> 1290
B153: 64 | C153: L | D153: sabit | E153: sabit | F153: C | G153: sabit | H153: sabit | I153: sabit | J153: =SUBTOTAL(103,B153) -> 1 | L153: SOĞUTUCU BATARYA - SOL | M153: 1 | N153: HPL64SOG F 32x28-12 C S 31T 4R 1910A 2.1P 62NC | O153: xx | P153: Adet | Q153: 1 | R153: =VLOOKUP('64'!O153,Malzemeler!C:D,2,0) -> #N/A | S153: =+R153*Q153 -> #N/A
B154: 64 | C154: sabit | D154: sabit | E154: sabit | F154: C | G154: sabit | H154: sabit | I154: sabit | J154: =SUBTOTAL(103,B154) -> 1 | L154: SOĞUTUCU BATARYA - SAĞ | M154: 2 | N154: R3050-40-S4 3 YOLLU VANA GÖVDESİ, DN50 | O154: R27VG30203210 | P154: Adet | Q154: 1 | R154: =VLOOKUP('64'!O154,Malzemeler!C:D,2,0) -> 214.5 | S154: =+R154*Q154 -> 214.5
B155: 64 | C155: sabit | D155: sabit | E155: sabit | F155: C | G155: sabit | H155: sabit | I155: sabit | J155: =SUBTOTAL(103,B155) -> 1 | L155: SOĞUTUCU BATARYA - SAĞ | M155: 3 | N155: SR24A-SR Belimo Vana Gövdesi | O155: R27SR24ASR001 | P155: Adet | Q155: 1 | R155: =VLOOKUP('64'!O155,Malzemeler!C:D,2,0) -> 113.85 | S155: =+R155*Q155 -> 113.85
B156: 64 | C156: sabit | D156: sabit | E156: sabit | F156: C | G156: sabit | H156: sabit | I156: sabit | J156: =SUBTOTAL(103,B156) -> 1 | L156: SOĞUTUCU BATARYA - SAĞ | M156: 4 | N156: 30X30 GALVANİZ KUTU PROFİL | O156: R02KP13300000 | P156: Metre | Q156: 7.99 | R156: =VLOOKUP('64'!O156,Malzemeler!C:D,2,0) -> 1.27 | S156: =+R156*Q156 -> 10.1473
B157: 64 | C157: sabit | D157: sabit | E157: sabit | F157: C | G157: sabit | H157: sabit | I157: sabit | J157: =SUBTOTAL(103,B157) -> 1 | L157: SOĞUTUCU BATARYA - SAĞ | M157: 5 | N157: 30X50 GALVANİZ KUTU PROFİL | O157: R02KP13500000 | P157: Metre | Q157: 3.213 | R157: =VLOOKUP('64'!O157,Malzemeler!C:D,2,0) -> 1.74 | S157: =+R157*Q157 -> 5.59062
B158: 64 | C158: sabit | D158: sabit | E158: sabit | F158: C | G158: sabit | H158: sabit | I158: sabit | J158: =SUBTOTAL(103,B158) -> 1 | L158: SOĞUTUCU BATARYA - SAĞ | M158: 6 | N158: 30X60 GALVANİZ KUTU PROFİL | O158: R02KP13600000 | P158: Metre | Q158: 11.089 | R158: =VLOOKUP('64'!O158,Malzemeler!C:D,2,0) -> 1.95 | S158: =+R158*Q158 -> 21.62355
B159: 64 | C159: sabit | D159: sabit | E159: sabit | F159: C | G159: sabit | H159: sabit | I159: sabit | J159: =SUBTOTAL(103,B159) -> 1 | L159: SOĞUTUCU BATARYA - SAĞ | M159: 7 | N159: 0,9 MM 275 gr GALVANİZLİ SAC | O159: R01GL09000275 | P159: kg | Q159: 1.212 | R159: =VLOOKUP('64'!O159,Malzemeler!C:D,2,0) -> 0.87 | S159: =+R159*Q159 -> 1.05444
B160: 64 | C160: sabit | D160: sabit | E160: sabit | F160: C | G160: sabit | H160: sabit | I160: sabit | J160: =SUBTOTAL(103,B160) -> 1 | L160: SOĞUTUCU BATARYA - SAĞ | M160: 8 | N160: 1,2 MM 275 gr RAL7040 Ç.TARAF BOYALI SAC | O160: R01BY12704275 | P160: kg | Q160: 14.088 | R160: =VLOOKUP('64'!O160,Malzemeler!C:D,2,0) -> 1.13 | S160: =+R160*Q160 -> 15.91944
B161: 64 | C161: sabit | D161: sabit | E161: sabit | F161: C | G161: sabit | H161: sabit | I161: sabit | J161: =SUBTOTAL(103,B161) -> 1 | L161: SOĞUTUCU BATARYA - SAĞ | M161: 9 | N161: 1,0 MM 275 gr RAL 7040 BOYALI SAC | O161: R01BY17040275 | P161: kg | Q161: 128.97687 | R161: =VLOOKUP('64'!O161,Malzemeler!C:D,2,0) -> 0.98 | S161: =+R161*Q161 -> 126.39733
B162: 64 | C162: sabit | D162: sabit | E162: sabit | F162: C | G162: sabit | H162: sabit | I162: sabit | J162: =SUBTOTAL(103,B162) -> 1 | L162: SOĞUTUCU BATARYA - SAĞ | M162: 10 | N162: 30X30_KOSE_BAGLANTI | O162: R03KK03000000 | P162: Adet | Q162: 4 | R162: =VLOOKUP('64'!O162,Malzemeler!C:D,2,0) -> 0 | S162: =+R162*Q162 -> 0
B163: 64 | C163: sabit | D163: sabit | E163: sabit | F163: C | G163: sabit | H163: sabit | I163: sabit | J163: =SUBTOTAL(103,B163) -> 1 | L163: SOĞUTUCU BATARYA - SAĞ | M163: 11 | N163: 30X60_KOSE_BAGLANTI | O163: R03KK06000000 | P163: Adet | Q163: 4 | R163: =VLOOKUP('64'!O163,Malzemeler!C:D,2,0) -> 0 | S163: =+R163*Q163 -> 0
B164: 64 | C164: sabit | D164: sabit | E164: sabit | F164: C | G164: sabit | H164: sabit | I164: sabit | J164: =SUBTOTAL(103,B164) -> 1 | L164: SOĞUTUCU BATARYA - SAĞ | M164: 12 | N164: FL-NG Panel Çıtası Siyah | O164: R04NFLPVCPC0S | P164: Metre | Q164: 18.994 | R164: =VLOOKUP('64'!O164,Malzemeler!C:D,2,0) -> 1.12 | S164: =+R164*Q164 -> 21.27328
... B168: 64 | C168: sabit | D168: sabit | E168: sabit | F168: C | G168: sabit | H168: sabit | I168: sabit | J168: =SUBTOTAL(103,B168) -> 1 | L168: SOĞUTUCU BATARYA - SAĞ | M168: 16 | N168: Siyah Hijyenline Servis Çıtası (626979) | O168: R04CT01H0000S | P168: Metre | Q168: 2.858 | R168: =VLOOKUP('64'!O168,Malzemeler!C:D,2,0) -> 2.21 | S168: =+R168*Q168 -> 6.31618
A169: ÖN ISITICI | B169: 64 | C169: R | D169: sabit | E169: sabit | F169: sabit | G169: sabit | H169: 1 | I169: sabit | J169: =SUBTOTAL(103,B169) -> 1 | L169: ÖN ISITICI - SAĞ | M169: 1 | N169: ISITICI F 32x28-12 C S 31T 2R 1955A 3.2P 13NC | O169: - | P169: Adet | Q169: 1 | R169: =VLOOKUP('64'!O169,Malzemeler!C:D,2,0) -> 410 | S169: =+R169*Q169 -> 410
B170: 64 | C170: L | D170: sabit | E170: sabit | F170: sabit | G170: sabit | H170: 1 | I170: sabit | J170: =SUBTOTAL(103,B170) -> 1 | L170: ÖN ISITICI - SOL | M170: 1 | N170: ISITICI F 32x28-12 C S 31T 2R 1955A 3.2P 13NC | O170: =VLOOKUP(N170,Malzemeler!B:C,2,) -> - | P170: Adet | Q170: 1 | R170: =VLOOKUP('64'!O170,Malzemeler!C:D,2,0) -> 410 | S170: =+R170*Q170 -> 410
B171: 64 | C171: sabit | D171: sabit | E171: sabit | F171: sabit | G171: sabit | H171: 1 | I171: sabit | J171: =SUBTOTAL(103,B171) -> 1 | L171: ÖN ISITICI - SAĞ | M171: 2 | N171: R302510S2 3Yollu PN16,DN25 vana gövde | O171: R27SS17000030 | P171: Adet | Q171: 1 | R171: =VLOOKUP('64'!O171,Malzemeler!C:D,2,0) -> 75.9 | S171: =+R171*Q171 -> 75.9
B172: 64 | C172: sabit | D172: sabit | E172: sabit | F172: sabit | G172: sabit | H172: 1 | I172: sabit | J172: =SUBTOTAL(103,B172) -> 1 | L172: ÖN ISITICI - SAĞ | M172: 3 | N172: DCC-LR24A-SR | O172: R27000LR24ASR | P172: Adet | Q172: 1 | R172: =VLOOKUP('64'!O172,Malzemeler!C:D,2,0) -> 77.55 | S172: =+R172*Q172 -> 77.55
B173: 64 | C173: sabit | D173: sabit | E173: sabit | F173: sabit | G173: sabit | H173: 1 | I173: sabit | J173: =SUBTOTAL(103,B173) -> 1 | L173: ÖN ISITICI - SAĞ | M173: 4 | N173: QAE2130.010 | O173: R27QAE2130010 | P173: Adet | Q173: 1 | R173: =VLOOKUP('64'!O173,Malzemeler!C:D,2,0) -> 0 | S173: =+R173*Q173 -> 0
A174: TCP IP | B174: 64 | C174: sabit | D174: sabit | E174: sabit | F174: sabit | G174: sabit | H174: sabit | I174: 1 | J174: =SUBTOTAL(103,B174) -> 1 | L174: TCP IP | M174: 1 | N174: pCOweb SE, ethernet card IP protocols pco1000wd | O174: R278003303311 | P174: Adet | Q174: 1 | R174: =VLOOKUP('64'!O174,Malzemeler!C:D,2,0) -> 0 | S174: =+R174*Q174 -> 0

Sheet 90
B1: Model | C1: Yön | D1: Besleme Filtre | E1: Dönüş Filtre | F1: Soğutucu Batarya | G1: Dış Ortam | H1: Ön Isıtıcı | I1: TCP/IP | N1: HPL 90
B2: 90 | C2: sabit | D2: sabit | E2: sabit | F2: sabit | G2: sabit | H2: sabit | I2: sabit | J2: =SUBTOTAL(103,B2) -> 1 | M2: No | N2: MALZEME ADI | O2: ERP KODU | P2: BİRİM | Q2: MİKTAR | R2: BİRİM FİYAT | S2: TOPLAM FİYAT
A3: MEKANİK | B3: 90 | C3: sabit | D3: sabit | E3: sabit | F3: sabit | G3: sabit | H3: sabit | I3: sabit | J3: =SUBTOTAL(103,B3) -> 1 | L3: MEKANİK | M3: 1 | N3: Kompresör ZP385KCE-TWD 15/8x13/8 | O3: R20V206734780 | P3: Adet | Q3: 1 | R3: =VLOOKUP('90'!O3,Malzemeler!C:D,2,0) -> 2702.18 | S3: =+R3*Q3 -> 2702.18
B4: 90 | C4: sabit | D4: sabit | E4: sabit | F4: sabit | G4: sabit | H4: sabit | I4: sabit | J4: =SUBTOTAL(103,B4) -> 1 | L4: MEKANİK | M4: 2 | N4: Copeland Karter Isıtıcı ID:8062653 | O4: R20KI08062653 | P4: Adet | Q4: 1 | R4: =VLOOKUP('90'!O4,Malzemeler!C:D,2,0) -> 62.83 | S4: =+R4*Q4 -> 62.83
B5: 90 | C5: sabit | D5: sabit | E5: sabit | F5: sabit | G5: sabit | H5: sabit | I5: sabit | J5: =SUBTOTAL(103,B5) -> 1 | L5: MEKANİK | M5: 3 | N5: Danfoss Drier DML 419S 1 1/8" 023Z0114 | O5: R20DML419S118 | P5: Adet | Q5: 1 | R5: =VLOOKUP('90'!O5,Malzemeler!C:D,2,0) -> 31.8 | S5: =+R5*Q5 -> 31.8
B6: 90 | C6: sabit | D6: sabit | E6: sabit | F6: sabit | G6: sabit | H6: sabit | I6: sabit | J6: =SUBTOTAL(103,B6) -> 1 | L6: MEKANİK | M6: 4 | N6: Danfoss Gözetleme Camı Kaynaklı SGP 22s N 1 1/8" 014L0187 | O6: R20SGP22SN118 | P6: Adet | Q6: 1 | R6: =VLOOKUP('90'!O6,Malzemeler!C:D,2,0) -> 25.5 | S6: =+R6*Q6 -> 25.5
B7: 90 | C7: sabit | D7: sabit | E7: sabit | F7: sabit | G7: sabit | H7: sabit | I7: sabit | J7: =SUBTOTAL(103,B7) -> 1 | L7: MEKANİK | M7: 5 | N7: Danfoss Küresel Vana GBC 28s 1 1/8" 009L7026 | O7: R20GBC2811876 | P7: Adet | Q7: 1 | R7: =VLOOKUP('90'!O7,Malzemeler!C:D,2,0) -> 38.85 | S7: =+R7*Q7 -> 38.85
B8: 90 | C8: sabit | D8: sabit | E8: sabit | F8: sabit | G8: sabit | H8: sabit | I8: sabit | J8: =SUBTOTAL(103,B8) -> 1 | L8: MEKANİK | M8: 6 | N8: GVN ROTALOCK VALF RV.45B-1 1/8X | O8: R20RTKVLF4511 | P8: Adet | Q8: 2 | R8: =VLOOKUP('90'!O8,Malzemeler!C:D,2,0) -> 0 | S8: =+R8*Q8 -> 0
B9: 90 | C9: sabit | D9: sabit | E9: sabit | F9: sabit | G9: sabit | H9: sabit | I9: sabit | J9: =SUBTOTAL(103,B9) -> 1 | L9: MEKANİK | M9: 7 | N9: GVN LİKİT TANKI V7A.33b.30.A3.A3.F4 | O9: R20LTV7A33304 | P9: Adet | Q9: 1 | R9: =VLOOKUP('90'!O9,Malzemeler!C:D,2,0) -> 0 | S9: =+R9*Q9 -> 0
B10: 90 | C10: sabit | D10: sabit | E10: sabit | F10: sabit | G10: sabit | H10: sabit | I10: sabit | J10: =SUBTOTAL(103,B10) -> 1 | L10: MEKANİK | M10: 8 | N10: BAKIR BORU Q22 (7/8")-1,5 MM | O10: R20BBQ2200000 | P10: Adet | Q10: 1 | R10: =VLOOKUP('90'!O10,Malzemeler!C:D,2,0) -> 16.15 | S10: =+R10*Q10 -> 16.15
B11: 90 | C11: sabit | D11: sabit | E11: sabit | F11: sabit | G11: sabit | H11: sabit | I11: sabit | J11: =SUBTOTAL(103,B11) -> 1 | L11: MEKANİK | M11: 9 | N11: BAKIR BORU Q28 (1 1/8")-1,5 MM | O11: R20BBQ2800000 | P11: Adet | Q11: 4 | R11: =VLOOKUP('90'!O11,Malzemeler!C:D,2,0) -> 20.8 | S11: =+R11*Q11 -> 83.2
B12: 90 | C12: sabit | D12: sabit | E12: sabit | F12: sabit | G12: sabit | H12: sabit | I12: sabit | J12: =SUBTOTAL(103,B12) -> 1 | L12: MEKANİK | M12: 10 | N12: BAKIR BORU Q35 (1 3/8")-1,5 MM | O12: R20BBQ3500000 | P12: Adet | Q12: 5.5 | R12: =VLOOKUP('90'!O12,Malzemeler!C:D,2,0) -> 26.5 | S12: =+R12*Q12 -> 145.75
B13: 90 | C13: sabit | D13: sabit | E13: sabit | F13: sabit | G13: sabit | H13: sabit | I13: sabit | J13: =SUBTOTAL(103,B13) -> 1 | L13: MEKANİK | M13: 11 | N13: BAKIR BORU Q42 (1 5/8")-1,5 MM | O13: R20BBQ4200000 | P13: Adet | Q13: 5.7 | R13: =VLOOKUP('90'!O13,Malzemeler!C:D,2,0) -> 31.85 | S13: =+R13*Q13 -> 181.545
B14: 90 | C14: sabit | D14: sabit | E14: sabit | F14: sabit | G14: sabit | H14: sabit | I14: sabit | J14: =SUBTOTAL(103,B14) -> 1 | L14: MEKANİK | M14: 12 | N14: BAKIR DIRSEK 7/8" (22 MM) | O14: R20BD20108000 | P14: Adet | Q14: 5 | R14: =VLOOKUP('90'!O14,Malzemeler!C:D,2,0) -> 0.8 | S14: =+R14*Q14 -> 4
B15: 90 | C15: sabit | D15: sabit | E15: sabit | F15: sabit | G15: sabit | H15: sabit | I15: sabit | J15: =SUBTOTAL(103,B15) -> 1 | L15: MEKANİK | M15: 13 | N15: ROTALOCK ADAPTER FEMALE SRVKBA118ST134M-WTH-NUT 1 3/4” ROT. – 1 1/8” SOLDER | O15: R20RAM13418N1 | P15: Adet | Q15: 2 | R15: =VLOOKUP('90'!O15,Malzemeler!C:D,2,0) -> 35 | S15: =+R15*Q15 -> 70
... B32: 90 | C32: R | D32: sabit | E32: sabit | F32: sabit | G32: sabit | H32: sabit | I32: sabit | J32: =SUBTOTAL(103,B32) -> 1 | L32: MEKANİK - SAĞ | M32: 30 | N32: EVAPARATÖR F 32x28-12 C S 45T 2R 1955A 2.8P 15NC | O32: R063228124255 | P32: Adet | Q32: 1 | R32: =VLOOKUP('90'!O32,Malzemeler!C:D,2,0) -> 1545 | S32: =+R32*Q32 -> 1545
B33: 90 | C33: L | D33: sabit | E33: sabit | F33: sabit | G33: sabit | H33: sabit | I33: sabit | J33: =SUBTOTAL(103,B33) -> 1 | L33: MEKANİK - SOL | M33: 28 | N33: ISITICI F 32x28-12 C S 45T 2R 1955A 3.2P 15NC | O33: =VLOOKUP(N33,Malzemeler!B:C,2,) -> - | P33: Adet | Q33: 1 | R33: =VLOOKUP('90'!O33,Malzemeler!C:D,2,0) -> 410 | S33: =+R33*Q33 -> 410
B34: 90 | C34: L | D34: sabit | E34: sabit | F34: sabit | G34: sabit | H34: sabit | I34: sabit | J34: 1 | L34: MEKANİK - SOL | M34: 29 | N34: KONDENSER F 25x22-3/8 L G 58T 3R 1980A 2.1P 29NC | O34: xxx | P34: Adet | Q34: 1 | R34: =VLOOKUP('90'!O34,Malzemeler!C:D,2,0) -> #N/A | S34: =+R34*Q34 -> #N/A
B35: 90 | C35: L | D35: sabit | E35: sabit | F35: sabit | G35: sabit | H35: sabit | I35: sabit | J35: 1 | L35: MEKANİK - SOL | M35: 30 | N35: EVAPARATÖR F 32x28-12 C S 45T 2R 1955A 2.8P 15NC | O35: xxx | P35: Adet | Q35: 1 | R35: =VLOOKUP('90'!O35,Malzemeler!C:D,2,0) -> #N/A | S35: =+R35*Q35 -> #N/A
B36: 90 | C36: sabit | D36: sabit | E36: sabit | F36: sabit | G36: sabit | H36: sabit | I36: sabit | J36: =SUBTOTAL(103,B36) -> 1 | L36: MEKANİK | M36: 31 | N36: CİVATA-BOLT 8x35 | O36: CİVATA-BOLT 8x35 | P36: Adet | Q36: 16 | R36: =VLOOKUP('90'!O36,Malzemeler!C:D,2,0) -> 0 | S36: =+R36*Q36 -> 0
B37: 90 | C37: sabit | D37: sabit | E37: sabit | F37: sabit | G37: sabit | H37: sabit | I37: sabit | J37: =SUBTOTAL(103,B37) -> 1 | L37: MEKANİK | M37: 32 | N37: CİVATA-BOLT M6x30 İnbus | O37: CİVATA-BOLT M6x30 İnbus | P37: Adet | Q37: 40 | R37: =VLOOKUP('90'!O37,Malzemeler!C:D,2,0) -> 0 | S37: =+R37*Q37 -> 0
B38: 90 | C38: sabit | D38: sabit | E38: sabit | F38: sabit | G38: sabit | H38: sabit | I38: sabit | J38: =SUBTOTAL(103,B38) -> 1 | L38: MEKANİK | M38: 33 | N38: CONTA-GASKET 3x25 | O38: CONTA-GASKET 3x25 | P38: Adet | Q38: 31 | R38: =VLOOKUP('90'!O38,Malzemeler!C:D,2,0) -> 0 | S38: =+R38*Q38 -> 0
B39: 90 | C39: sabit | D39: sabit | E39: sabit | F39: sabit | G39: sabit | H39: sabit | I39: sabit | J39: =SUBTOTAL(103,B39) -> 1 | L39: MEKANİK | M39: 34 | N39: PUL-WASHER M8 | O39: PUL-WASHER M8 | P39: Adet | Q39: 16 | R39: =VLOOKUP('90'!O39,Malzemeler!C:D,2,0) -> 0 | S39: =+R39*Q39 -> 0
B40: 90 | C40: sabit | D40: sabit | E40: sabit | F40: sabit | G40: sabit | H40: sabit | I40: sabit | J40: =SUBTOTAL(103,B40) -> 1 | L40: MEKANİK | M40: 35 | N40: 0,8 mm Z275 DX51 RAL7035 Boyalı Rulo Sac | O40: R01B080000001 | P40: Adet | Q40: 1433.1694 | R40: =VLOOKUP('90'!O40,Malzemeler!C:D,2,0) -> 1.07 | S40: =+R40*Q40 -> 1533.4912
B41: 90 | C41: sabit | D41: sabit | E41: sabit | F41: sabit | G41: sabit | H41: sabit | I41: sabit | J41: =SUBTOTAL(103,B41) -> 1 | L41: MEKANİK | M41: 36 | N41: 1.0 MM Z275 DX51 Rulo Sac | O41: R01GL10000275 | P41: Adet | Q41: 11.2948 | R41: =VLOOKUP('90'!O41,Malzemeler!C:D,2,0) -> 0 | S41: =+R41*Q41 -> 0
B42: 90 | C42: sabit | D42: sabit | E42: sabit | F42: sabit | G42: sabit | H42: sabit | I42: sabit | J42: =SUBTOTAL(103,B42) -> 1 | L42: MEKANİK | M42: 37 | N42: 0,8 MM 275 gr GALVANİZLİ SAC | O42: R01GL10000278 | P42: Adet | Q42: 11.7096 | R42: =VLOOKUP('90'!O42,Malzemeler!C:D,2,0) -> 1.23 | S42: =+R42*Q42 -> 14.402808
B43: 90 | C43: sabit | D43: sabit | E43: sabit | F43: sabit | G43: sabit | H43: sabit | I43: sabit | J43: =SUBTOTAL(103,B43) -> 1 | L43: MEKANİK | M43: 38 | N43: 2.00MM 275 gr GALVANIZLI SAC | O43: R01GL20000275 | P43: Adet | Q43: 168.69904 | R43: =VLOOKUP('90'!O43,Malzemeler!C:D,2,0) -> 0.8 | S43: =+R43*Q43 -> 134.95924
B44: 90 | C44: sabit | D44: sabit | E44: sabit | F44: sabit | G44: sabit | H44: sabit | I44: sabit | J44: =SUBTOTAL(103,B44) -> 1 | L44: MEKANİK | M44: 39 | N44: 3,0 MM 275 gr GALVANIZLI SAC | O44: R01GL30000275 | P44: Adet | Q44: 393.55952 | R44: =VLOOKUP('90'!O44,Malzemeler!C:D,2,0) -> 0.79 | S44: =+R44*Q44 -> 310.91202
B45: 90 | C45: sabit | D45: sabit | E45: sabit | F45: sabit | G45: sabit | H45: sabit | I45: sabit | J45: =SUBTOTAL(103,B45) -> 1 | L45: MEKANİK | M45: 40 | N45: 1,20MM 275 gr GALVANIZLI SAC | O45: R01GL36000275 | P45: Adet | Q45: 81.60689 | R45: =VLOOKUP('90'!O45,Malzemeler!C:D,2,0) -> 0.85 | S45: =+R45*Q45 -> 69.365857
B46: 90 | C46: sabit | D46: sabit | E46: sabit | F46: sabit | G46: sabit | H46: sabit | I46: sabit | J46: =SUBTOTAL(103,B46) -> 1 | L46: MEKANİK | M46: 41 | N46: 0,80 MM PASLANMAZ SAC | O46: R01PS08000000 | P46: Adet | Q46: 45.75015 | R46: =VLOOKUP('90'!O46,Malzemeler!C:D,2,0) -> 2.32 | S46: =+R46*Q46 -> 106.14035
B47: 90 | C47: sabit | D47: sabit | E47: sabit | F47: sabit | G47: sabit | H47: sabit | I47: sabit | J47: =SUBTOTAL(103,B47) -> 1 | L47: MEKANİK | M47: 42 | N47: 20X30 GALVANIZ KUTU PROFIL | O47: R02KP12300000 | P47: Adet | Q47: 7.0686 | R47: =VLOOKUP('90'!O47,Malzemeler!C:D,2,0) -> 0 | S47: =+R47*Q47 -> 0
... B102: 90 | C102: sabit | D102: sabit | E102: sabit | F102: sabit | G102: sabit | H102: sabit | I102: sabit | J102: =SUBTOTAL(103,B102) -> 1 | L102: MEKANİK | M102: 97 | N102: MONTAJ İŞÇİLİK OVERHEAD | O102: HIZM000000010 | P102: Adet | Q102: 130 | R102: =VLOOKUP('90'!O102,Malzemeler!C:D,2,0) -> 0 | S102: =+R102*Q102 -> 0
A103: OTOMASYON | B103: 90 | C103: sabit | D103: sabit | E103: sabit | F103: sabit | G103: sabit | H103: sabit | I103: sabit | J103: =SUBTOTAL(103,B103) -> 1 | L103: OTOMASYON | M103: 1 | N103: REFNOX Alçak Basınç Swtich WPS-03L059/1,7G2,7G | O103: R27ABS00R1737 | P103: Adet | Q103: 1 | R103: =VLOOKUP('90'!O103,Malzemeler!C:D,2,0) -> 4.76 | S103: =+R103*Q103 -> 4.76
B104: 90 | C104: sabit | D104: sabit | E104: sabit | F104: sabit | G104: sabit | H104: sabit | I104: sabit | J104: =SUBTOTAL(103,B104) -> 1 | L104: OTOMASYON | M104: 2 | N104: REFNOX Yüksek Basınç Swtich WPS-03H059/42R33R | O104: R27YBS00R4232 | P104: Adet | Q104: 1 | R104: =VLOOKUP('90'!O104,Malzemeler!C:D,2,0) -> 4.76 | S104: =+R104*Q104 -> 4.76
B105: 90 | C105: sabit | D105: sabit | E105: sabit | F105: sabit | G105: sabit | H105: sabit | I105: sabit | J105: =SUBTOTAL(103,B105) -> 1 | L105: OTOMASYON | M105: 3 | N105: CAREL E3V55SSR10 E3V-55 SMART 18-22 ODF W/O SIGHT GLASS | O105: R27CRLE3V5518 | P105: Adet | Q105: 1 | R105: =VLOOKUP('90'!O105,Malzemeler!C:D,2,0) -> 0 | S105: =+R105*Q105 -> 0
B106: 90 | C106: sabit | D106: sabit | E106: sabit | F106: sabit | G106: sabit | H106: sabit | I106: sabit | J106: =SUBTOTAL(103,B106) -> 1 | L106: OTOMASYON | M106: 4 | N106: CAREL E3VSTA0201 E3V SPARE PARTS STATOR (COIL) FOR E3V* | O106: R27CRLE3V0201 | P106: Adet | Q106: 1 | R106: =VLOOKUP('90'!O106,Malzemeler!C:D,2,0) -> 81.65 | S106: =+R106*Q106 -> 81.65
B107: 90 | C107: sabit | D107: sabit | E107: sabit | F107: sabit | G107: sabit | H107: sabit | I107: sabit | J107: =SUBTOTAL(103,B107) -> 1 | L107: OTOMASYON | M107: 5 | N107: CAREL SPKT00B6P0 PRESS.TRASD.0-5V | O107: R27CL02250001 | P107: Adet | Q107: 1 | R107: =VLOOKUP('90'!O107,Malzemeler!C:D,2,0) -> 46.47 | S107: =+R107*Q107 -> 46.47
B108: 90 | C108: sabit | D108: sabit | E108: sabit | F108: sabit | G108: sabit | H108: sabit | I108: sabit | J108: =SUBTOTAL(103,B108) -> 1 | L108: OTOMASYON | M108: 6 | N108: Alçak Basınç Trans 0-5Vdc 0-17.3bar SPKT0043P0 | O108: R20SPKT0043R0 | P108: Adet | Q108: 1 | R108: =VLOOKUP('90'!O108,Malzemeler!C:D,2,0) -> 74.48 | S108: =+R108*Q108 -> 74.48
B109: 90 | C109: sabit | D109: sabit | E109: sabit | F109: sabit | G109: sabit | H109: sabit | I109: sabit | J109: =SUBTOTAL(103,B109) -> 1 | L109: OTOMASYON | M109: 7 | N109: CAREL P+500B0A000M0 PCO5+ MEDIUM, FB/BMS NO OPTO, NO USB | O109: R27CP50000000 | P109: Adet | Q109: 1 | R109: =VLOOKUP('90'!O109,Malzemeler!C:D,2,0) -> 675.52 | S109: =+R109*Q109 -> 675.52
B110: 90 | C110: sabit | D110: sabit | E110: sabit | F110: sabit | G110: sabit | H110: sabit | I110: sabit | J110: =SUBTOTAL(103,B110) -> 1 | L110: OTOMASYON | M110: 8 | N110: CAREL CONNECTOR P+50CON0M0 | O110: R27C050000000 | P110: Adet | Q110: 1 | R110: =VLOOKUP('90'!O110,Malzemeler!C:D,2,0) -> 23.17 | S110: =+R110*Q110 -> 23.17
B111: 90 | C111: sabit | D111: sabit | E111: sabit | F111: sabit | G111: sabit | H111: sabit | I111: sabit | J111: =SUBTOTAL(103,B111) -> 1 | L111: OTOMASYON | M111: 9 | N111: Ekran pGD1 PGD1000FW0 | O111: R27PGD1000FW0 | P111: Adet | Q111: 1 | R111: =VLOOKUP('90'!O111,Malzemeler!C:D,2,0) -> 130.16 | S111: =+R111*Q111 -> 130.16
B112: 90 | C112: sabit | D112: sabit | E112: sabit | F112: sabit | G112: sabit | H112: sabit | I112: sabit | J112: =SUBTOTAL(103,B112) -> 1 | L112: OTOMASYON | M112: 10 | N112: KabloS90CONN000 | O112: R27S90CONN000 | P112: Adet | Q112: 1 | R112: =VLOOKUP('90'!O112,Malzemeler!C:D,2,0) -> 130.16 | S112: =+R112*Q112 -> 130.16
B113: 90 | C113: sabit | D113: sabit | E113: sabit | F113: sabit | G113: sabit | H113: sabit | I113: sabit | J113: =SUBTOTAL(103,B113) -> 1 | L113: OTOMASYON | M113: 11 | N113: SPKC005310 (5MT) | O113: R27SPKC531000 | P113: Adet | Q113: 2 | R113: =VLOOKUP('90'!O113,Malzemeler!C:D,2,0) -> 4.73 | S113: =+R113*Q113 -> 9.46
B114: 90 | C114: sabit | D114: sabit | E114: sabit | F114: sabit | G114: sabit | H114: sabit | I114: sabit | J114: =SUBTOTAL(103,B114) -> 1 | L114: OTOMASYON | M114: 12 | N114: CAREL DPDC111000 DUCTSENSOR TEMP.-10T60GR.C. | O114: R27DP00200309 | P114: Adet | Q114: 2 | R114: =VLOOKUP('90'!O114,Malzemeler!C:D,2,0) -> 155.05 | S114: =+R114*Q114 -> 310.1
B115: 90 | C115: sabit | D115: sabit | E115: sabit | F115: sabit | G115: sabit | H115: sabit | I115: sabit | J115: =SUBTOTAL(103,B115) -> 1 | L115: OTOMASYON | M115: 13 | N115: CAREL EVD0000E41 EVD EVOLUTION FOR CAREL VALVES (PLAN) MULTIPLE PACKAGE (10) | O115: R27EVD0000041 | P115: Adet | Q115: 1 | R115: =VLOOKUP('90'!O115,Malzemeler!C:D,2,0) -> 238.61 | S115: =+R115*Q115 -> 238.61
... B137: 90 | C137: sabit | D137: sabit | E137: sabit | F137: sabit | G137: sabit | H137: sabit | I137: sabit | J137: =SUBTOTAL(103,B137) -> 1 | L137: OTOMASYON | M137: 35 | N137: LIHCH KABLO 2X0,75 | O137: R12KBLIHCH2X0 | P137: Metre | Q137: 35 | R137: =VLOOKUP('90'!O137,Malzemeler!C:D,2,0) -> 0 | S137: =+R137*Q137 -> 0
A138: FİLTRE | B138: 90 | C138: sabit | D138: 47 | E138: 5 | F138: sabit | G138: sabit | H138: sabit | I138: sabit | J138: =SUBTOTAL(103,B138) -> 1 | L138: FİLTRE | M138: 1 | N138: PANEL FİLTRE M5 - 592-592-48 | O138: R17PM54610610 | P138: Adet | Q138: 3 | R138: =VLOOKUP('90'!O138,Malzemeler!C:D,2,0) -> 4.43 | S138: =+R138*Q138 -> 13.29
B139: 90 | C139: sabit | D139: 47 | E139: 5 | F139: sabit | G139: sabit | H139: sabit | I139: sabit | J139: =SUBTOTAL(103,B139) -> 1 | L139: FİLTRE | M139: 2 | N139: PANEL FİLTRE M5 - 287-592-48 | O139: R17PM54305610 | P139: Adet | Q139: 4 | R139: =VLOOKUP('90'!O139,Malzemeler!C:D,2,0) -> 3.04 | S139: =+R139*Q139 -> 12.16
B140: 90 | C140: sabit | D140: 47 | E140: 5 | F140: sabit | G140: sabit | H140: sabit | I140: sabit | J140: =SUBTOTAL(103,B140) -> 1 | L140: FİLTRE | M140: 3 | N140: PANEL FİLTRE M5 - 287-287-48 | O140: R17PM54305305 | P140: Adet | Q140: 1 | R140: =VLOOKUP('90'!O140,Malzemeler!C:D,2,0) -> 2 | S140: =+R140*Q140 -> 2
B141: 90 | C141: sabit | D141: 47 | E141: 5 | F141: sabit | G141: sabit | H141: sabit | I141: sabit | J141: =SUBTOTAL(103,B141) -> 1 | L141: FİLTRE | M141: 4 | N141: PANEL FİLTRE G4 - 592-592-48 | O141: R17G4P5959048 | P141: Adet | Q141: 3 | R141: =VLOOKUP('90'!O141,Malzemeler!C:D,2,0) -> 4.55 | S141: =+R141*Q141 -> 13.65
B142: 90 | C142: sabit | D142: 47 | E142: 5 | F142: sabit | G142: sabit | H142: sabit | I142: sabit | J142: =SUBTOTAL(103,B142) -> 1 | L142: FİLTRE | M142: 5 | N142: PANEL FİLTRE G4 - 287-592-48 | O142: R17G4P2859048 | P142: Adet | Q142: 4 | R142: =VLOOKUP('90'!O142,Malzemeler!C:D,2,0) -> 2.96 | S142: =+R142*Q142 -> 11.84
B143: 90 | C143: sabit | D143: 47 | E143: 5 | F143: sabit | G143: sabit | H143: sabit | I143: sabit | J143: =SUBTOTAL(103,B143) -> 1 | L143: FİLTRE | M143: 6 | N143: PANEL FİLTRE G4 - 287-287-48 | O143: R17G4P2828048 | P143: Adet | Q143: 1 | R143: =VLOOKUP('90'!O143,Malzemeler!C:D,2,0) -> 2 | S143: =+R143*Q143 -> 2
B144: 90 | C144: sabit | D144: 47 | E144: 5 | F144: sabit | G144: sabit | H144: sabit | I144: sabit | J144: =SUBTOTAL(103,B144) -> 1 | L144: FİLTRE | M144: 7 | N144: F7 TORBA FİLTRE 592X592X300 GENERAL | O144: R17F75530000G | P144: Adet | Q144: 3 | R144: =VLOOKUP('90'!O144,Malzemeler!C:D,2,0) -> 7.15 | S144: =+R144*Q144 -> 21.45
B145: 90 | C145: sabit | D145: 47 | E145: 5 | F145: sabit | G145: sabit | H145: sabit | I145: sabit | J145: =SUBTOTAL(103,B145) -> 1 | L145: FİLTRE | M145: 8 | N145: F7 TORBA FİLTRE 287X592X300 GENERAL | O145: R17F72530000G | P145: Adet | Q145: 4 | R145: =VLOOKUP('90'!O145,Malzemeler!C:D,2,0) -> 4.37 | S145: =+R145*Q145 -> 17.48
B146: 90 | C146: sabit | D146: 47 | E146: 5 | F146: sabit | G146: sabit | H146: sabit | I146: sabit | J146: =SUBTOTAL(103,B146) -> 1 | L146: FİLTRE | M146: 9 | N146: F7 TORBA FİLTRE 287X287X300 GENERAL | O146: R17F72230000G | P146: Adet | Q146: 1 | R146: =VLOOKUP('90'!O146,Malzemeler!C:D,2,0) -> 3.3 | S146: =+R146*Q146 -> 3.3
B147: 90 | C147: sabit | D147: 5 | E147: 5 | F147: sabit | G147: sabit | H147: sabit | I147: sabit | J147: =SUBTOTAL(103,B147) -> 1 | L147: FİLTRE | M147: 1 | N147: PANEL FİLTRE M5 - 592-592-48 | O147: R17PM54610610 | P147: Adet | Q147: 6 | R147: =VLOOKUP('90'!O147,Malzemeler!C:D,2,0) -> 4.43 | S147: =+R147*Q147 -> 26.58
B148: 90 | C148: sabit | D148: 5 | E148: 5 | F148: sabit | G148: sabit | H148: sabit | I148: sabit | J148: 1 | L148: FİLTRE | M148: 2 | N148: PANEL FİLTRE M5 - 287-592-48 | O148: R17PM54305610 | P148: Adet | Q148: 8 | R148: =VLOOKUP('90'!O148,Malzemeler!C:D,2,0) -> 3.04 | S148: =+R148*Q148 -> 24.32
B149: 90 | C149: sabit | D149: 5 | E149: 5 | F149: sabit | G149: sabit | H149: sabit | I149: sabit | J149: 1 | L149: FİLTRE | M149: 3 | N149: PANEL FİLTRE M5 - 287-287-48 | O149: R17PM54305305 | P149: Adet | Q149: 2 | R149: =VLOOKUP('90'!O149,Malzemeler!C:D,2,0) -> 2 | S149: =+R149*Q149 -> 4
B150: 90 | C150: sabit | D150: 49 | E150: 5 | F150: sabit | G150: sabit | H150: sabit | I150: sabit | J150: =SUBTOTAL(103,B150) -> 1 | L150: FİLTRE | M150: 1 | N150: PANEL FİLTRE M5 - 592-592-48 | O150: R17PM54610610 | P150: Adet | Q150: 3 | R150: =VLOOKUP('90'!O150,Malzemeler!C:D,2,0) -> 4.43 | S150: =+R150*Q150 -> 13.29
B151: 90 | C151: sabit | D151: 49 | E151: 5 | F151: sabit | G151: sabit | H151: sabit | I151: sabit | J151: =SUBTOTAL(103,B151) -> 1 | L151: FİLTRE | M151: 2 | N151: PANEL FİLTRE M5 - 287-592-48 | O151: R17PM54305610 | P151: Adet | Q151: 4 | R151: =VLOOKUP('90'!O151,Malzemeler!C:D,2,0) -> 3.04 | S151: =+R151*Q151 -> 12.16
B152: 90 | C152: sabit | D152: 49 | E152: 5 | F152: sabit | G152: sabit | H152: sabit | I152: sabit | J152: =SUBTOTAL(103,B152) -> 1 | L152: FİLTRE | M152: 3 | N152: PANEL FİLTRE M5 - 287-287-48 | O152: R17PM54305305 | P152: Adet | Q152: 1 | R152: =VLOOKUP('90'!O152,Malzemeler!C:D,2,0) -> 2 | S152: =+R152*Q152 -> 2
B153: 90 | C153: sabit | D153: 49 | E153: 5 | F153: sabit | G153: sabit | H153: sabit | I153: sabit | J153: =SUBTOTAL(103,B153) -> 1 | L153: FİLTRE | M153: 4 | N153: PANEL FİLTRE G4 - 592-592-48 | O153: R17G4P5959048 | P153: Adet | Q153: 3 | R153: =VLOOKUP('90'!O153,Malzemeler!C:D,2,0) -> 4.55 | S153: =+R153*Q153 -> 13.65
B154: 90 | C154: sabit | D154: 49 | E154: 5 | F154: sabit | G154: sabit | H154: sabit | I154: sabit | J154: =SUBTOTAL(103,B154) -> 1 | L154: FİLTRE | M154: 5 | N154: PANEL FİLTRE G4 - 287-592-48 | O154: R17G4P2859048 | P154: Adet | Q154: 4 | R154: =VLOOKUP('90'!O154,Malzemeler!C:D,2,0) -> 2.96 | S154: =+R154*Q154 -> 11.84
B155: 90 | C155: sabit | D155: 49 | E155: 5 | F155: sabit | G155: sabit | H155: sabit | I155: sabit | J155: =SUBTOTAL(103,B155) -> 1 | L155: FİLTRE | M155: 6 | N155: PANEL FİLTRE G4 - 287-287-48 | O155: R17G4P2828048 | P155: Adet | Q155: 1 | R155: =VLOOKUP('90'!O155,Malzemeler!C:D,2,0) -> 2 | S155: =+R155*Q155 -> 2
B156: 90 | C156: sabit | D156: 49 | E156: 5 | F156: sabit | G156: sabit | H156: sabit | I156: sabit | J156: =SUBTOTAL(103,B156) -> 1 | L156: FİLTRE | M156: 7 | N156: TORBA FİLTRE F9 - 592-592-300 | O156: R17F9T5959300 | P156: Adet | Q156: 3 | R156: =VLOOKUP('90'!O156,Malzemeler!C:D,2,0) -> 6.91 | S156: =+R156*Q156 -> 20.73
B157: 90 | C157: sabit | D157: 49 | E157: 5 | F157: sabit | G157: sabit | H157: sabit | I157: sabit | J157: =SUBTOTAL(103,B157) -> 1 | L157: FİLTRE | M157: 8 | N157: TORBA FİLTRE F9 - 287-592-300 | O157: R17F9T2859300 | P157: Adet | Q157: 4 | R157: =VLOOKUP('90'!O157,Malzemeler!C:D,2,0) -> 4.47 | S157: =+R157*Q157 -> 17.88
B158: 90 | C158: sabit | D158: 49 | E158: 5 | F158: sabit | G158: sabit | H158: sabit | I158: sabit | J158: =SUBTOTAL(103,B158) -> 1 | L158: FİLTRE | M158: 9 | N158: TORBA FİLTRE F9 - 287-287-300 | O158: R17F9T2828300 | P158: Adet | Q158: 1 | R158: =VLOOKUP('90'!O158,Malzemeler!C:D,2,0) -> 4 | S158: =+R158*Q158 -> 4
A159: SOĞUTUCU BATARYA | B159: 90 | C159: R | D159: sabit | E159: sabit | F159: C | G159: sabit | H159: sabit | I159: sabit | J159: =SUBTOTAL(103,B159) -> 1 | L159: SOĞUTUCU BATARYA - SAĞ | M159: 1 | N159: HPL90SOG F 32x28-12 C S 45T 4R 1890A 2.1P 62NC | O159: - | P159: Adet | Q159: 1 | R159: =VLOOKUP('90'!O159,Malzemeler!C:D,2,0) -> 410 | S159: =+R159*Q159 -> 410
B160: 90 | C160: L | D160: sabit | E160: sabit | F160: C | G160: sabit | H160: sabit | I160: sabit | J160: =SUBTOTAL(103,B160) -> 1 | L160: SOĞUTUCU BATARYA - SOL | M160: 1 | N160: HPL90SOG F 32x28-12 C S 45T 4R 1890A 2.1P 62NC | O160: =VLOOKUP(N160,Malzemeler!B:C,2,) -> - | P160: Adet | Q160: 1 | R160: =VLOOKUP('90'!O160,Malzemeler!C:D,2,0) -> 410 | S160: =+R160*Q160 -> 410
B161: 90 | C161: sabit | D161: sabit | E161: sabit | F161: C | G161: sabit | H161: sabit | I161: sabit | J161: =SUBTOTAL(103,B161) -> 1 | L161: SOĞUTUCU BATARYA | M161: 2 | N161: R3050-58-S4 3 YOLLU VANA GÖVDESİ, DN50 | O161: R27VG30203232 | P161: Adet | Q161: 1 | R161: =VLOOKUP('90'!O161,Malzemeler!C:D,2,0) -> 247.17 | S161: =+R161*Q161 -> 247.17
B162: 90 | C162: sabit | D162: sabit | E162: sabit | F162: C | G162: sabit | H162: sabit | I162: sabit | J162: =SUBTOTAL(103,B162) -> 1 | L162: SOĞUTUCU BATARYA | M162: 3 | N162: SR24A-SR Belimo Vana Gövdesi | O162: R27SR24ASR001 | P162: Adet | Q162: 1 | R162: =VLOOKUP('90'!O162,Malzemeler!C:D,2,0) -> 113.85 | S162: =+R162*Q162 -> 113.85
B163: 90 | C163: sabit | D163: sabit | E163: sabit | F163: C | G163: sabit | H163: sabit | I163: sabit | J163: =SUBTOTAL(103,B163) -> 1 | L163: SOĞUTUCU BATARYA | M163: 4 | N163: 30X30 GALVANİZ KUTU PROFİL | O163: R02KP13300000 | P163: Metre | Q163: 7.99 | R163: =VLOOKUP('90'!O163,Malzemeler!C:D,2,0) -> 1.27 | S163: =+R163*Q163 -> 10.1473
B164: 90 | C164: sabit | D164: sabit | E164: sabit | F164: C | G164: sabit | H164: sabit | I164: sabit | J164: =SUBTOTAL(103,B164) -> 1 | L164: SOĞUTUCU BATARYA | M164: 5 | N164: 30X50 GALVANİZ KUTU PROFİL | O164: R02KP13500000 | P164: Metre | Q164: 3.213 | R164: =VLOOKUP('90'!O164,Malzemeler!C:D,2,0) -> 1.74 | S164: =+R164*Q164 -> 5.59062
B165: 90 | C165: sabit | D165: sabit | E165: sabit | F165: C | G165: sabit | H165: sabit | I165: sabit | J165: =SUBTOTAL(103,B165) -> 1 | L165: SOĞUTUCU BATARYA | M165: 6 | N165: 30X60 GALVANİZ KUTU PROFİL | O165: R02KP13600000 | P165: Metre | Q165: 11.089 | R165: =VLOOKUP('90'!O165,Malzemeler!C:D,2,0) -> 1.95 | S165: =+R165*Q165 -> 21.62355
B166: 90 | C166: sabit | D166: sabit | E166: sabit | F166: C | G166: sabit | H166: sabit | I166: sabit | J166: =SUBTOTAL(103,B166) -> 1 | L166: SOĞUTUCU BATARYA | M166: 7 | N166: 0,9 MM 275 gr GALVANİZLİ SAC | O166: R01GL09000275 | P166: kg | Q166: 1.212 | R166: =VLOOKUP('90'!O166,Malzemeler!C:D,2,0) -> 0.87 | S166: =+R166*Q166 -> 1.05444
B167: 90 | C167: sabit | D167: sabit | E167: sabit | F167: C | G167: sabit | H167: sabit | I167: sabit | J167: =SUBTOTAL(103,B167) -> 1 | L167: SOĞUTUCU BATARYA | M167: 8 | N167: 1,2 MM 275 gr RAL7040 Ç.TARAF BOYALI SAC | O167: R01BY12704275 | P167: kg | Q167: 14.088 | R167: =VLOOKUP('90'!O167,Malzemeler!C:D,2,0) -> 1.13 | S167: =+R167*Q167 -> 15.91944
B168: 90 | C168: sabit | D168: sabit | E168: sabit | F168: C | G168: sabit | H168: sabit | I168: sabit | J168: =SUBTOTAL(103,B168) -> 1 | L168: SOĞUTUCU BATARYA | M168: 9 | N168: 1,0 MM 275 gr RAL 7040 BOYALI SAC | O168: R01BY17040275 | P168: kg | Q168: 128.97687 | R168: =VLOOKUP('90'!O168,Malzemeler!C:D,2,0) -> 0.98 | S168: =+R168*Q168 -> 126.39733
B169: 90 | C169: sabit | D169: sabit | E169: sabit | F169: C | G169: sabit | H169: sabit | I169: sabit | J169: =SUBTOTAL(103,B169) -> 1 | L169: SOĞUTUCU BATARYA | M169: 10 | N169: 30X30_KOSE_BAGLANTI | O169: R03KK03000000 | P169: Adet | Q169: 4 | R169: =VLOOKUP('90'!O169,Malzemeler!C:D,2,0) -> 0 | S169: =+R169*Q169 -> 0
B170: 90 | C170: sabit | D170: sabit | E170: sabit | F170: C | G170: sabit | H170: sabit | I170: sabit | J170: =SUBTOTAL(103,B170) -> 1 | L170: SOĞUTUCU BATARYA | M170: 11 | N170: 30X60_KOSE_BAGLANTI | O170: R03KK06000000 | P170: Adet | Q170: 4 | R170: =VLOOKUP('90'!O170,Malzemeler!C:D,2,0) -> 0 | S170: =+R170*Q170 -> 0
B171: 90 | C171: sabit | D171: sabit | E171: sabit | F171: C | G171: sabit | H171: sabit | I171: sabit | J171: =SUBTOTAL(103,B171) -> 1 | L171: SOĞUTUCU BATARYA | M171: 12 | N171: FL-NG Panel Çıtası Siyah | O171: R04NFLPVCPC0S | P171: Metre | Q171: 18.994 | R171: =VLOOKUP('90'!O171,Malzemeler!C:D,2,0) -> 1.12 | S171: =+R171*Q171 -> 21.27328
B172: 90 | C172: sabit | D172: sabit | E172: sabit | F172: C | G172: sabit | H172: sabit | I172: sabit | J172: =SUBTOTAL(103,B172) -> 1 | L172: SOĞUTUCU BATARYA | M172: 13 | N172: FL-NG Panel Köşe Siyah | O172: R04NFLPVCPKPS | P172: Adet | Q172: 20 | R172: =VLOOKUP('90'!O172,Malzemeler!C:D,2,0) -> 1.12 | S172: =+R172*Q172 -> 22.4
... B175: 90 | C175: sabit | D175: sabit | E175: sabit | F175: C | G175: sabit | H175: sabit | I175: sabit | J175: =SUBTOTAL(103,B175) -> 1 | L175: SOĞUTUCU BATARYA | M175: 16 | N175: Siyah Hijyenline Servis Çıtası (626979) | O175: R04CT01H0000S | P175: Metre | Q175: 2.858 | R175: =VLOOKUP('90'!O175,Malzemeler!C:D,2,0) -> 2.21 | S175: =+R175*Q175 -> 6.31618
A176: ÖN ISITICI | B176: 90 | C176: R | D176: sabit | E176: sabit | F176: sabit | G176: sabit | H176: 1 | I176: sabit | J176: =SUBTOTAL(103,B176) -> 1 | L176: ÖN ISITICI - SAĞ | M176: 1 | N176: ISITICI F 32x28-12 C S 31T 2R 1955A 3.2P 13NC | O176: - | P176: Adet | Q176: 1 | R176: =VLOOKUP('90'!O176,Malzemeler!C:D,2,0) -> 410 | S176: =+R176*Q176 -> 410
B177: 90 | C177: L | D177: sabit | E177: sabit | F177: sabit | G177: sabit | H177: 1 | I177: sabit | J177: =SUBTOTAL(103,B177) -> 1 | L177: ÖN ISITICI - SOL | M177: 1 | N177: ISITICI F 32x28-12 C S 31T 2R 1955A 3.2P 13NC | O177: x | P177: Adet | Q177: 1 | R177: =VLOOKUP('90'!O177,Malzemeler!C:D,2,0) -> #N/A | S177: =+R177*Q177 -> #N/A
B178: 90 | C178: sabit | D178: sabit | E178: sabit | F178: sabit | G178: sabit | H178: 1 | I178: sabit | J178: =SUBTOTAL(103,B178) -> 1 | L178: ÖN ISITICI | M178: 2 | N178: R302510S2 3Yollu PN16,DN25 vana gövde | O178: R27SS17000030 | P178: Adet | Q178: 1 | R178: =VLOOKUP('90'!O178,Malzemeler!C:D,2,0) -> 75.9 | S178: =+R178*Q178 -> 75.9
B179: 90 | C179: sabit | D179: sabit | E179: sabit | F179: sabit | G179: sabit | H179: 1 | I179: sabit | J179: =SUBTOTAL(103,B179) -> 1 | L179: ÖN ISITICI | M179: 3 | N179: DCC-LR24A-SR | O179: R27000LR24ASR | P179: Adet | Q179: 1 | R179: =VLOOKUP('90'!O179,Malzemeler!C:D,2,0) -> 77.55 | S179: =+R179*Q179 -> 77.55
B180: 90 | C180: sabit | D180: sabit | E180: sabit | F180: sabit | G180: sabit | H180: 1 | I180: sabit | J180: =SUBTOTAL(103,B180) -> 1 | L180: ÖN ISITICI | M180: 4 | N180: QAE2130.010 | O180: R27QAE2130010 | P180: Adet | Q180: 1 | R180: =VLOOKUP('90'!O180,Malzemeler!C:D,2,0) -> 0 | S180: =+R180*Q180 -> 0
A181: TCP IP | B181: 90 | C181: sabit | D181: sabit | E181: sabit | F181: sabit | G181: sabit | H181: sabit | I181: 1 | J181: =SUBTOTAL(103,B181) -> 1 | L181: TCP IP | M181: 1 | N181: pCOweb SE, ethernet card IP protocols pco1000wd | O181: R278003303311 | P181: Adet | Q181: 1 | R181: =VLOOKUP('90'!O181,Malzemeler!C:D,2,0) -> 0 | S181: =+R181*Q181 -> 0

Sheet Fiyat veya R kodu olmayan ürün
B2: Kauçuk Kelepçe 22 mm | C2: R21RK32000002
B3: 0,8 MM 275 gr BOYALI SAC (RAL-7035) | C3: R01B080000002
B4: 30X30_KOSE_BAGLANTI | C4: R03KK03000000
B5: 30X60_KOSE_BAGLANTI | C5: R03KK06000000
B6: HPL-7 PANO | C6: PNHPL70000001
B7: HPL-11 PANO | C7: PNHPL11000001
B8: HPL-15 PANO | C8: PNHPL15000001
B9: HPL-22 PANO | C9: PNHPL22000001
B10: HPL-32 PANO | C10: PNHPL32000001
B11: HPL-42 PANO | C11: PNHPL42000001
B12: HPL-53 PANO | C12: PNHPL53000001
B13: HPL-64 PANO | C13: PNHPL64000001
... B65: 4x6mm2 2XSLCH-JB HALOJEN FREE KABLO | C65: R122XSLCH4600
